index_feature,mapping_kind,asca_target,host,confidence,notes
voiced,rename,voice,,high,Index [±voiced] → ASCA voice (LARYNG node)
stressed,rename,stress,,high,Index [±stressed] → ASCA stress suprasegmental
sibilant,rename,strident,,high,Sibilant manner → strident (MANNER); not sonorant
rounded,rename,round,,high,[+rounded] vowel rounding
short,rename_invert,long,,medium,Index [+short] = ASCA [-long]; polarity inverted per spike 29
glottalized,rename_polarity,place,,medium,Index [±glottalized] → ASCA place with polarity invert (cf. glottal in spike 29)
glottal,rename_polarity,place,,medium,Index [±glottal] → ASCA place with polarity invert (cf. glottal in spike 29)
close-mid,bundle,"-hi,-lo,+tense",,high,Index [+close-mid] vowel height; ASCA mid row +tense per vowel-space table (0.10.2)
open-mid,bundle,"-hi,-lo,-tense",,high,Index [+open-mid] vowel height; ASCA mid row -tense per vowel-space table (0.10.2)
