section_index,section_name,rule_id,alt_idx,source,ok,failure_class,error_token,suggested,expected,description
6.1.1,Proto-Omotic to North Omotic,North-Omotic-Vː_2,,index_diachronica_original.html:987,2,rule_skipped,,,,held-out (commented rule)
6.2.2.1.6,Classical Arabic to Cypriot Arabic,Cypriot-Arabic-j,,index_diachronica_original.html:1342,2,rule_skipped,,,,held-out (commented rule)
6.2.2.1.18,Proto-Semitic to Biblical Hebrew,Biblical-Hebrew-—-a_4,,index_diachronica_original.html:1533,2,rule_skipped,,,,held-out (commented rule)
7.3.2,Proto-Arapaho-Atsina to Gros Ventre,"Gros-Ventre-C,#V-longʔ",,index_diachronica_original.html:1698,2,rule_skipped,,,,held-out (commented rule)
10.6,Proto-Austronesian to Proto-Paiwan,Proto-Paiwan-t1-d1-d3-Z,,index_diachronica_original.html:3822,2,section_skipped,,,,section skipped at compile (parser_config skip_sections)
10.6,Proto-Austronesian to Proto-Paiwan,Proto-Paiwan-l-*L,,index_diachronica_original.html:3823,2,section_skipped,,,,section skipped at compile (parser_config skip_sections)
10.6,Proto-Austronesian to Proto-Paiwan,Proto-Paiwan-b-d2,,index_diachronica_original.html:3824,2,section_skipped,,,,section skipped at compile (parser_config skip_sections)
10.6,Proto-Austronesian to Proto-Paiwan,Proto-Paiwan-S1-s-c,,index_diachronica_original.html:3825,2,section_skipped,,,,section skipped at compile (parser_config skip_sections)
10.6,Proto-Austronesian to Proto-Paiwan,Proto-Paiwan-Vː,,index_diachronica_original.html:3826,2,section_skipped,,,,section skipped at compile (parser_config skip_sections)
17.7.2.1,West Germanic to Anglo-Frisian,Anglo-Frisian-a_2,,index_diachronica_original.html:5702,2,rule_skipped,,,,held-out (commented rule)
17.7.2.1,West Germanic to Anglo-Frisian,Anglo-Frisian-æu,,index_diachronica_original.html:5706,2,rule_skipped,,,,held-out (commented rule)
17.7.2.1,West Germanic to Anglo-Frisian,Anglo-Frisian-a_3,,index_diachronica_original.html:5711,2,rule_skipped,,,,held-out (commented rule)
17.7.2.5,West Germanic to Old Low German,Old-Low-German-F-voice,,index_diachronica_original.html:6155,2,rule_skipped,,,,held-out (commented rule)
17.12.1.1,Proto-Indo-European to Latin,Latin-r…r,,index_diachronica_original.html:7312,2,rule_skipped,,,,held-out (commented rule)
17.12.1.1.6,Vulgar Latin to Old Provençal,Old-Provençal-VN,,index_diachronica_original.html:7739,2,section_skipped,,,,section skipped at compile (parser_config skip_sections)
17.12.1.1.6,Vulgar Latin to Old Provençal,Old-Provençal-—-ɪ,,index_diachronica_original.html:7741,2,section_skipped,,,,section skipped at compile (parser_config skip_sections)
17.12.1.1.6,Vulgar Latin to Old Provençal,Old-Provençal-—-ʊ,,index_diachronica_original.html:7742,2,section_skipped,,,,section skipped at compile (parser_config skip_sections)
17.12.1.1.6,Vulgar Latin to Old Provençal,Old-Provençal-—-ɔ,,index_diachronica_original.html:7743,2,section_skipped,,,,section skipped at compile (parser_config skip_sections)
17.12.1.1.6,Vulgar Latin to Old Provençal,Old-Provençal-—-ɔ_2,,index_diachronica_original.html:7744,2,section_skipped,,,,section skipped at compile (parser_config skip_sections)
17.12.1.1.6,Vulgar Latin to Old Provençal,Old-Provençal-—-ɔ_3,,index_diachronica_original.html:7745,2,section_skipped,,,,section skipped at compile (parser_config skip_sections)
17.12.1.1.6,Vulgar Latin to Old Provençal,Old-Provençal-—-ɔ_4,,index_diachronica_original.html:7746,2,section_skipped,,,,section skipped at compile (parser_config skip_sections)
17.12.1.1.6,Vulgar Latin to Old Provençal,Old-Provençal-—-a,,index_diachronica_original.html:7747,2,section_skipped,,,,section skipped at compile (parser_config skip_sections)
17.12.1.1.6,Vulgar Latin to Old Provençal,Old-Provençal-—-a_2,,index_diachronica_original.html:7748,2,section_skipped,,,,section skipped at compile (parser_config skip_sections)
17.12.1.1.6,Vulgar Latin to Old Provençal,Old-Provençal-—-a_3,,index_diachronica_original.html:7749,2,section_skipped,,,,section skipped at compile (parser_config skip_sections)
17.12.1.1.6,Vulgar Latin to Old Provençal,Old-Provençal-—-å-ɛ-ɔ,,index_diachronica_original.html:7750,2,section_skipped,,,,section skipped at compile (parser_config skip_sections)
17.12.1.1.6,Vulgar Latin to Old Provençal,Old-Provençal-—-ɛ-ɔ,,index_diachronica_original.html:7751,2,section_skipped,,,,section skipped at compile (parser_config skip_sections)
17.12.1.1.6,Vulgar Latin to Old Provençal,Old-Provençal-—-e,,index_diachronica_original.html:7752,2,section_skipped,,,,section skipped at compile (parser_config skip_sections)
17.12.1.1.6,Vulgar Latin to Old Provençal,Old-Provençal-—-e_2,,index_diachronica_original.html:7753,2,section_skipped,,,,section skipped at compile (parser_config skip_sections)
17.12.1.1.6,Vulgar Latin to Old Provençal,Old-Provençal-—-ɛ,,index_diachronica_original.html:7754,2,section_skipped,,,,section skipped at compile (parser_config skip_sections)
17.12.1.1.6,Vulgar Latin to Old Provençal,Old-Provençal-—-ju,,index_diachronica_original.html:7755,2,section_skipped,,,,section skipped at compile (parser_config skip_sections)
17.12.1.1.6,Vulgar Latin to Old Provençal,Old-Provençal-—-o,,index_diachronica_original.html:7756,2,section_skipped,,,,section skipped at compile (parser_config skip_sections)
17.12.1.1.6,Vulgar Latin to Old Provençal,Old-Provençal-—-o_2,,index_diachronica_original.html:7757,2,section_skipped,,,,section skipped at compile (parser_config skip_sections)
17.12.1.1.6,Vulgar Latin to Old Provençal,Old-Provençal-—-o_3,,index_diachronica_original.html:7758,2,section_skipped,,,,section skipped at compile (parser_config skip_sections)
17.12.1.1.6,Vulgar Latin to Old Provençal,Old-Provençal-—-ɔ_5,,index_diachronica_original.html:7759,2,section_skipped,,,,section skipped at compile (parser_config skip_sections)
17.12.1.1.6,Vulgar Latin to Old Provençal,Old-Provençal-—-u,,index_diachronica_original.html:7760,2,section_skipped,,,,section skipped at compile (parser_config skip_sections)
17.12.1.1.6,Vulgar Latin to Old Provençal,Old-Provençal-—-o_4,,index_diachronica_original.html:7761,2,section_skipped,,,,section skipped at compile (parser_config skip_sections)
17.12.1.1.6,Vulgar Latin to Old Provençal,Old-Provençal-—-E,,index_diachronica_original.html:7763,2,section_skipped,,,,section skipped at compile (parser_config skip_sections)
17.12.1.1.6,Vulgar Latin to Old Provençal,Old-Provençal-—-B,,index_diachronica_original.html:7764,2,section_skipped,,,,section skipped at compile (parser_config skip_sections)
17.12.1.1.6,Vulgar Latin to Old Provençal,Old-Provençal-—-E_2,,index_diachronica_original.html:7765,2,section_skipped,,,,section skipped at compile (parser_config skip_sections)
17.12.1.1.6,Vulgar Latin to Old Provençal,Old-Provençal-—-V,,index_diachronica_original.html:7766,2,section_skipped,,,,section skipped at compile (parser_config skip_sections)
17.12.1.1.6,Vulgar Latin to Old Provençal,"Old-Provençal-—-a,œ,e,i",,index_diachronica_original.html:7768,2,section_skipped,,,,section skipped at compile (parser_config skip_sections)
17.12.1.1.6,Vulgar Latin to Old Provençal,Old-Provençal-—-u_2,,index_diachronica_original.html:7769,2,section_skipped,,,,section skipped at compile (parser_config skip_sections)
17.12.1.1.6,Vulgar Latin to Old Provençal,Old-Provençal-—-au,,index_diachronica_original.html:7770,2,section_skipped,,,,section skipped at compile (parser_config skip_sections)
17.12.1.1.6,Vulgar Latin to Old Provençal,Old-Provençal-—-V_2,,index_diachronica_original.html:7771,2,section_skipped,,,,section skipped at compile (parser_config skip_sections)
17.12.1.1.6,Vulgar Latin to Old Provençal,Old-Provençal-—-V_3,,index_diachronica_original.html:7774,2,section_skipped,,,,section skipped at compile (parser_config skip_sections)
17.12.1.1.6,Vulgar Latin to Old Provençal,Old-Provençal-—-V_4,,index_diachronica_original.html:7776,2,section_skipped,,,,section skipped at compile (parser_config skip_sections)
17.12.1.1.6,Vulgar Latin to Old Provençal,Old-Provençal-—-CVK,,index_diachronica_original.html:7779,2,section_skipped,,,,section skipped at compile (parser_config skip_sections)
17.12.1.1.6,Vulgar Latin to Old Provençal,Old-Provençal-—-V_5,,index_diachronica_original.html:7780,2,section_skipped,,,,section skipped at compile (parser_config skip_sections)
17.12.1.1.6,Vulgar Latin to Old Provençal,Old-Provençal-—-e_3,,index_diachronica_original.html:7781,2,section_skipped,,,,section skipped at compile (parser_config skip_sections)
17.12.1.1.6,Vulgar Latin to Old Provençal,Old-Provençal-—-V_6,,index_diachronica_original.html:7784,2,section_skipped,,,,section skipped at compile (parser_config skip_sections)
17.12.1.1.6,Vulgar Latin to Old Provençal,Old-Provençal-—-a_4,,index_diachronica_original.html:7786,2,section_skipped,,,,section skipped at compile (parser_config skip_sections)
17.12.1.1.6,Vulgar Latin to Old Provençal,Old-Provençal-—-e-u,,index_diachronica_original.html:7788,2,section_skipped,,,,section skipped at compile (parser_config skip_sections)
17.12.1.1.6,Vulgar Latin to Old Provençal,Old-Provençal-—-V_7,,index_diachronica_original.html:7792,2,section_skipped,,,,section skipped at compile (parser_config skip_sections)
17.12.1.1.6,Vulgar Latin to Old Provençal,Old-Provençal-—-V_8,,index_diachronica_original.html:7797,2,section_skipped,,,,section skipped at compile (parser_config skip_sections)
17.12.1.1.6,Vulgar Latin to Old Provençal,Old-Provençal-K,,index_diachronica_original.html:7798,2,section_skipped,,,,section skipped at compile (parser_config skip_sections)
17.12.1.1.6,Vulgar Latin to Old Provençal,Old-Provençal-v,,index_diachronica_original.html:7799,2,section_skipped,,,,section skipped at compile (parser_config skip_sections)
17.12.1.1.6,Vulgar Latin to Old Provençal,Old-Provençal-h,,index_diachronica_original.html:7800,2,section_skipped,,,,section skipped at compile (parser_config skip_sections)
17.12.1.1.6,Vulgar Latin to Old Provençal,Old-Provençal-d,,index_diachronica_original.html:7801,2,section_skipped,,,,section skipped at compile (parser_config skip_sections)
17.12.1.1.6,Vulgar Latin to Old Provençal,Old-Provençal-b-d-ɡ,,index_diachronica_original.html:7802,2,section_skipped,,,,section skipped at compile (parser_config skip_sections)
17.12.1.1.6,Vulgar Latin to Old Provençal,Old-Provençal-βj,,index_diachronica_original.html:7803,2,section_skipped,,,,section skipped at compile (parser_config skip_sections)
17.12.1.1.6,Vulgar Latin to Old Provençal,Old-Provençal-k-ɡ,,index_diachronica_original.html:7804,2,section_skipped,,,,section skipped at compile (parser_config skip_sections)
17.12.1.1.6,Vulgar Latin to Old Provençal,Old-Provençal-tʃ,,index_diachronica_original.html:7805,2,section_skipped,,,,section skipped at compile (parser_config skip_sections)
17.12.1.1.6,Vulgar Latin to Old Provençal,Old-Provençal-ɡ,,index_diachronica_original.html:7806,2,section_skipped,,,,section skipped at compile (parser_config skip_sections)
17.12.1.1.6,Vulgar Latin to Old Provençal,Old-Provençal-j,,index_diachronica_original.html:7807,2,section_skipped,,,,section skipped at compile (parser_config skip_sections)
17.12.1.1.6,Vulgar Latin to Old Provençal,Old-Provençal-N,,index_diachronica_original.html:7808,2,section_skipped,,,,section skipped at compile (parser_config skip_sections)
17.12.1.1.6,Vulgar Latin to Old Provençal,Old-Provençal-kʷ-ɡʷ,,index_diachronica_original.html:7809,2,section_skipped,,,,section skipped at compile (parser_config skip_sections)
17.12.1.1.6,Vulgar Latin to Old Provençal,Old-Provençal-rs,,index_diachronica_original.html:7810,2,section_skipped,,,,section skipped at compile (parser_config skip_sections)
17.12.1.1.6,Vulgar Latin to Old Provençal,Old-Provençal-sː,,index_diachronica_original.html:7811,2,section_skipped,,,,section skipped at compile (parser_config skip_sections)
17.12.1.1.6,Vulgar Latin to Old Provençal,Old-Provençal-p-t-k-s,,index_diachronica_original.html:7812,2,section_skipped,,,,section skipped at compile (parser_config skip_sections)
17.12.1.1.6,Vulgar Latin to Old Provençal,Old-Provençal-∅,,index_diachronica_original.html:7813,2,section_skipped,,,,section skipped at compile (parser_config skip_sections)
17.12.1.1.6,Vulgar Latin to Old Provençal,Old-Provençal-w,,index_diachronica_original.html:7814,2,section_skipped,,,,section skipped at compile (parser_config skip_sections)
17.12.1.1.6,Vulgar Latin to Old Provençal,Old-Provençal-w_2,,index_diachronica_original.html:7815,2,section_skipped,,,,section skipped at compile (parser_config skip_sections)
17.12.1.1.6,Vulgar Latin to Old Provençal,Old-Provençal-w_3,,index_diachronica_original.html:7816,2,section_skipped,,,,section skipped at compile (parser_config skip_sections)
17.12.1.1.6,Vulgar Latin to Old Provençal,Old-Provençal-β,,index_diachronica_original.html:7817,2,section_skipped,,,,section skipped at compile (parser_config skip_sections)
17.12.1.1.6,Vulgar Latin to Old Provençal,Old-Provençal-w_4,,index_diachronica_original.html:7818,2,section_skipped,,,,section skipped at compile (parser_config skip_sections)
17.12.1.1.6,Vulgar Latin to Old Provençal,Old-Provençal-k,,index_diachronica_original.html:7819,2,section_skipped,,,,section skipped at compile (parser_config skip_sections)
17.12.1.1.6,Vulgar Latin to Old Provençal,"Old-Provençal-d,ɡ",,index_diachronica_original.html:7820,2,section_skipped,,,,section skipped at compile (parser_config skip_sections)
17.12.1.1.6,Vulgar Latin to Old Provençal,Old-Provençal-—-w,,index_diachronica_original.html:7824,2,section_skipped,,,,section skipped at compile (parser_config skip_sections)
17.12.1.1.6,Vulgar Latin to Old Provençal,Old-Provençal-ts,,index_diachronica_original.html:7825,2,section_skipped,,,,section skipped at compile (parser_config skip_sections)
17.12.1.1.6,Vulgar Latin to Old Provençal,Old-Provençal-pʰ,,index_diachronica_original.html:7827,2,section_skipped,,,,section skipped at compile (parser_config skip_sections)
17.12.1.1.6,Vulgar Latin to Old Provençal,Old-Provençal-sk-ɡ,,index_diachronica_original.html:7829,2,section_skipped,,,,section skipped at compile (parser_config skip_sections)
17.12.1.1.6,Vulgar Latin to Old Provençal,Old-Provençal-tʃ_2,,index_diachronica_original.html:7830,2,section_skipped,,,,section skipped at compile (parser_config skip_sections)
17.12.1.1.6,Vulgar Latin to Old Provençal,Old-Provençal-j_2,,index_diachronica_original.html:7831,2,section_skipped,,,,section skipped at compile (parser_config skip_sections)
17.12.1.1.6,Vulgar Latin to Old Provençal,Old-Provençal-f,,index_diachronica_original.html:7832,2,section_skipped,,,,section skipped at compile (parser_config skip_sections)
17.12.1.1.6,Vulgar Latin to Old Provençal,Old-Provençal-β_2,,index_diachronica_original.html:7833,2,section_skipped,,,,section skipped at compile (parser_config skip_sections)
17.12.1.1.6,Vulgar Latin to Old Provençal,Old-Provençal-β_3,,index_diachronica_original.html:7834,2,section_skipped,,,,section skipped at compile (parser_config skip_sections)
17.12.1.1.6,Vulgar Latin to Old Provençal,Old-Provençal-kʷ-ɡʷ_2,,index_diachronica_original.html:7835,2,section_skipped,,,,section skipped at compile (parser_config skip_sections)
17.12.1.1.6,Vulgar Latin to Old Provençal,Old-Provençal-kʷ-ɡʷ_3,,index_diachronica_original.html:7836,2,section_skipped,,,,section skipped at compile (parser_config skip_sections)
17.12.1.1.6,Vulgar Latin to Old Provençal,Old-Provençal-∅_2,,index_diachronica_original.html:7837,2,section_skipped,,,,section skipped at compile (parser_config skip_sections)
17.12.1.1.6,Vulgar Latin to Old Provençal,Old-Provençal-i,,index_diachronica_original.html:7838,2,section_skipped,,,,section skipped at compile (parser_config skip_sections)
17.12.1.1.6,Vulgar Latin to Old Provençal,"Old-Provençal-b-d,dz,dʒ-z-ʒ-ɡ",,index_diachronica_original.html:7839,2,section_skipped,,,,section skipped at compile (parser_config skip_sections)
17.12.1.1.6,Vulgar Latin to Old Provençal,Old-Provençal-tʃs,,index_diachronica_original.html:7840,2,section_skipped,,,,section skipped at compile (parser_config skip_sections)
17.12.1.1.6,Vulgar Latin to Old Provençal,Old-Provençal-j_3,,index_diachronica_original.html:7841,2,section_skipped,,,,section skipped at compile (parser_config skip_sections)
17.12.1.1.6,Vulgar Latin to Old Provençal,Old-Provençal-ð,,index_diachronica_original.html:7842,2,section_skipped,,,,section skipped at compile (parser_config skip_sections)
17.12.1.1.6,Vulgar Latin to Old Provençal,Old-Provençal-ð_2,,index_diachronica_original.html:7843,2,section_skipped,,,,section skipped at compile (parser_config skip_sections)
17.12.1.1.6,Vulgar Latin to Old Provençal,Old-Provençal-β_4,,index_diachronica_original.html:7844,2,section_skipped,,,,section skipped at compile (parser_config skip_sections)
17.12.1.1.6,Vulgar Latin to Old Provençal,Old-Provençal-β_5,,index_diachronica_original.html:7845,2,section_skipped,,,,section skipped at compile (parser_config skip_sections)
17.12.1.1.6,Vulgar Latin to Old Provençal,Old-Provençal-n,,index_diachronica_original.html:7846,2,section_skipped,,,,section skipped at compile (parser_config skip_sections)
17.12.1.1.6,Vulgar Latin to Old Provençal,Old-Provençal-n_2,,index_diachronica_original.html:7847,2,section_skipped,,,,section skipped at compile (parser_config skip_sections)
17.12.1.1.6,Vulgar Latin to Old Provençal,Old-Provençal-n_3,,index_diachronica_original.html:7848,2,section_skipped,,,,section skipped at compile (parser_config skip_sections)
17.12.1.1.6,Vulgar Latin to Old Provençal,Old-Provençal-kː,,index_diachronica_original.html:7849,2,section_skipped,,,,section skipped at compile (parser_config skip_sections)
17.12.1.1.6,Vulgar Latin to Old Provençal,Old-Provençal-lː,,index_diachronica_original.html:7850,2,section_skipped,,,,section skipped at compile (parser_config skip_sections)
17.12.1.1.6,Vulgar Latin to Old Provençal,Old-Provençal-mn,,index_diachronica_original.html:7852,2,section_skipped,,,,section skipped at compile (parser_config skip_sections)
17.12.1.1.6,Vulgar Latin to Old Provençal,Old-Provençal-Cː,,index_diachronica_original.html:7853,2,section_skipped,,,,section skipped at compile (parser_config skip_sections)
17.12.1.1.6,Vulgar Latin to Old Provençal,Old-Provençal-ɡ_2,,index_diachronica_original.html:7854,2,section_skipped,,,,section skipped at compile (parser_config skip_sections)
17.12.1.1.6,Vulgar Latin to Old Provençal,Old-Provençal-ɡ_3,,index_diachronica_original.html:7855,2,section_skipped,,,,section skipped at compile (parser_config skip_sections)
17.12.1.1.6,Vulgar Latin to Old Provençal,Old-Provençal-l,,index_diachronica_original.html:7856,2,section_skipped,,,,section skipped at compile (parser_config skip_sections)
17.12.1.1.6,Vulgar Latin to Old Provençal,Old-Provençal-ms-ns,,index_diachronica_original.html:7857,2,section_skipped,,,,section skipped at compile (parser_config skip_sections)
17.12.1.1.6,Vulgar Latin to Old Provençal,"Old-Provençal-p,b",,index_diachronica_original.html:7858,2,section_skipped,,,,section skipped at compile (parser_config skip_sections)
17.12.1.1.6,Vulgar Latin to Old Provençal,Old-Provençal-ts_2,,index_diachronica_original.html:7859,2,section_skipped,,,,section skipped at compile (parser_config skip_sections)
17.12.1.1.6,Vulgar Latin to Old Provençal,Old-Provençal-β_6,,index_diachronica_original.html:7860,2,section_skipped,,,,section skipped at compile (parser_config skip_sections)
17.12.1.1.6,Vulgar Latin to Old Provençal,Old-Provençal-β_7,,index_diachronica_original.html:7861,2,section_skipped,,,,section skipped at compile (parser_config skip_sections)
17.12.1.1.6,Vulgar Latin to Old Provençal,Old-Provençal-β_8,,index_diachronica_original.html:7862,2,section_skipped,,,,section skipped at compile (parser_config skip_sections)
17.12.1.1.6,Vulgar Latin to Old Provençal,Old-Provençal-tʃ_3,,index_diachronica_original.html:7863,2,section_skipped,,,,section skipped at compile (parser_config skip_sections)
17.12.1.1.6,Vulgar Latin to Old Provençal,Old-Provençal-tʃ_4,,index_diachronica_original.html:7864,2,section_skipped,,,,section skipped at compile (parser_config skip_sections)
17.12.1.1.6,Vulgar Latin to Old Provençal,Old-Provençal-tʃ_5,,index_diachronica_original.html:7865,2,section_skipped,,,,section skipped at compile (parser_config skip_sections)
17.12.1.1.6,Vulgar Latin to Old Provençal,Old-Provençal-tʃ_6,,index_diachronica_original.html:7866,2,section_skipped,,,,section skipped at compile (parser_config skip_sections)
17.12.1.1.6,Vulgar Latin to Old Provençal,Old-Provençal-ð_3,,index_diachronica_original.html:7867,2,section_skipped,,,,section skipped at compile (parser_config skip_sections)
17.12.1.1.6,Vulgar Latin to Old Provençal,Old-Provençal-ð_4,,index_diachronica_original.html:7868,2,section_skipped,,,,section skipped at compile (parser_config skip_sections)
17.12.1.1.6,Vulgar Latin to Old Provençal,Old-Provençal-ð_5,,index_diachronica_original.html:7869,2,section_skipped,,,,section skipped at compile (parser_config skip_sections)
17.12.1.1.6,Vulgar Latin to Old Provençal,Old-Provençal-ɡ_4,,index_diachronica_original.html:7870,2,section_skipped,,,,section skipped at compile (parser_config skip_sections)
17.12.1.1.6,Vulgar Latin to Old Provençal,Old-Provençal-ɡ_5,,index_diachronica_original.html:7871,2,section_skipped,,,,section skipped at compile (parser_config skip_sections)
17.12.1.1.6,Vulgar Latin to Old Provençal,Old-Provençal-ɡ_6,,index_diachronica_original.html:7872,2,section_skipped,,,,section skipped at compile (parser_config skip_sections)
17.12.1.1.6,Vulgar Latin to Old Provençal,Old-Provençal-dʒ,,index_diachronica_original.html:7873,2,section_skipped,,,,section skipped at compile (parser_config skip_sections)
17.12.1.1.6,Vulgar Latin to Old Provençal,Old-Provençal-l_2,,index_diachronica_original.html:7874,2,section_skipped,,,,section skipped at compile (parser_config skip_sections)
17.12.1.1.6,Vulgar Latin to Old Provençal,Old-Provençal-s,,index_diachronica_original.html:7875,2,section_skipped,,,,section skipped at compile (parser_config skip_sections)
17.12.1.1.6,Vulgar Latin to Old Provençal,Old-Provençal-j_4,,index_diachronica_original.html:7876,2,section_skipped,,,,section skipped at compile (parser_config skip_sections)
17.12.1.1.6,Vulgar Latin to Old Provençal,Old-Provençal-j_5,,index_diachronica_original.html:7877,2,section_skipped,,,,section skipped at compile (parser_config skip_sections)
17.12.1.1.6,Vulgar Latin to Old Provençal,Old-Provençal-j_6,,index_diachronica_original.html:7878,2,section_skipped,,,,section skipped at compile (parser_config skip_sections)
17.12.1.1.6,Vulgar Latin to Old Provençal,Old-Provençal-j_7,,index_diachronica_original.html:7879,2,section_skipped,,,,section skipped at compile (parser_config skip_sections)
17.12.1.1.6,Vulgar Latin to Old Provençal,Old-Provençal-β_9,,index_diachronica_original.html:7880,2,section_skipped,,,,section skipped at compile (parser_config skip_sections)
17.12.1.1.6,Vulgar Latin to Old Provençal,"Old-Provençal-t,dl-k,ɡl",,index_diachronica_original.html:7881,2,section_skipped,,,,section skipped at compile (parser_config skip_sections)
17.12.1.1.6,Vulgar Latin to Old Provençal,Old-Provençal-∅_3,,index_diachronica_original.html:7882,2,section_skipped,,,,section skipped at compile (parser_config skip_sections)
17.12.1.1.6,Vulgar Latin to Old Provençal,Old-Provençal-p-j,,index_diachronica_original.html:7883,2,section_skipped,,,,section skipped at compile (parser_config skip_sections)
17.12.1.1.6,Vulgar Latin to Old Provençal,Old-Provençal-p-k-tʃ-b-ɡ-β-j,,index_diachronica_original.html:7884,2,section_skipped,,,,section skipped at compile (parser_config skip_sections)
17.12.1.1.6,Vulgar Latin to Old Provençal,"Old-Provençal-t,d",,index_diachronica_original.html:7885,2,section_skipped,,,,section skipped at compile (parser_config skip_sections)
17.12.1.1.6,Vulgar Latin to Old Provençal,Old-Provençal-ð_6,,index_diachronica_original.html:7886,2,section_skipped,,,,section skipped at compile (parser_config skip_sections)
17.12.1.1.6,Vulgar Latin to Old Provençal,Old-Provençal-∅_4,,index_diachronica_original.html:7887,2,section_skipped,,,,section skipped at compile (parser_config skip_sections)
17.12.1.1.6,Vulgar Latin to Old Provençal,Old-Provençal-∅_5,,index_diachronica_original.html:7888,2,section_skipped,,,,section skipped at compile (parser_config skip_sections)
17.12.1.1.6,Vulgar Latin to Old Provençal,Old-Provençal-∅_6,,index_diachronica_original.html:7889,2,section_skipped,,,,section skipped at compile (parser_config skip_sections)
17.12.1.1.6,Vulgar Latin to Old Provençal,Old-Provençal-βw-tw,,index_diachronica_original.html:7890,2,section_skipped,,,,section skipped at compile (parser_config skip_sections)
17.12.1.1.6,Vulgar Latin to Old Provençal,"Old-Provençal-d,kw",,index_diachronica_original.html:7891,2,section_skipped,,,,section skipped at compile (parser_config skip_sections)
17.12.1.1.6,Vulgar Latin to Old Provençal,Old-Provençal-kʷ,,index_diachronica_original.html:7892,2,section_skipped,,,,section skipped at compile (parser_config skip_sections)
17.12.1.1.6,Vulgar Latin to Old Provençal,"Old-Provençal-l,rw-n,ŋk,ŋɡw",,index_diachronica_original.html:7893,2,section_skipped,,,,section skipped at compile (parser_config skip_sections)
17.12.1.1.6,Vulgar Latin to Old Provençal,Old-Provençal-pw,,index_diachronica_original.html:7894,2,section_skipped,,,,section skipped at compile (parser_config skip_sections)
17.12.1.1.6,Vulgar Latin to Old Provençal,Old-Provençal-w_5,,index_diachronica_original.html:7895,2,section_skipped,,,,section skipped at compile (parser_config skip_sections)
17.12.1.1.6,Vulgar Latin to Old Provençal,Old-Provençal-βj_2,,index_diachronica_original.html:7896,2,section_skipped,,,,section skipped at compile (parser_config skip_sections)
17.12.1.1.6,Vulgar Latin to Old Provençal,Old-Provençal-β_10,,index_diachronica_original.html:7897,2,section_skipped,,,,section skipped at compile (parser_config skip_sections)
17.12.1.1.6,Vulgar Latin to Old Provençal,Old-Provençal-β_11,,index_diachronica_original.html:7898,2,section_skipped,,,,section skipped at compile (parser_config skip_sections)
17.12.1.1.6,Vulgar Latin to Old Provençal,Old-Provençal-ktj-klj,,index_diachronica_original.html:7899,2,section_skipped,,,,section skipped at compile (parser_config skip_sections)
17.12.1.1.6,Vulgar Latin to Old Provençal,"Old-Provençal-tʃː,kʷj",,index_diachronica_original.html:7900,2,section_skipped,,,,section skipped at compile (parser_config skip_sections)
17.12.1.1.6,Vulgar Latin to Old Provençal,Old-Provençal-dVɡ-ndVɡ,,index_diachronica_original.html:7901,2,section_skipped,,,,section skipped at compile (parser_config skip_sections)
17.12.1.1.6,Vulgar Latin to Old Provençal,"Old-Provençal-ltj,tʃj-ldʒ",,index_diachronica_original.html:7902,2,section_skipped,,,,section skipped at compile (parser_config skip_sections)
17.12.1.1.6,Vulgar Latin to Old Provençal,"Old-Provençal-lːj,Vdʒ-lnj",,index_diachronica_original.html:7903,2,section_skipped,,,,section skipped at compile (parser_config skip_sections)
17.12.1.1.6,Vulgar Latin to Old Provençal,Old-Provençal-lvj,,index_diachronica_original.html:7904,2,section_skipped,,,,section skipped at compile (parser_config skip_sections)
17.12.1.1.6,Vulgar Latin to Old Provençal,Old-Provençal-j_8,,index_diachronica_original.html:7905,2,section_skipped,,,,section skipped at compile (parser_config skip_sections)
17.12.1.1.6,Vulgar Latin to Old Provençal,Old-Provençal-nj,,index_diachronica_original.html:7906,2,section_skipped,,,,section skipped at compile (parser_config skip_sections)
17.12.1.1.6,Vulgar Latin to Old Provençal,Old-Provençal-mbj,,index_diachronica_original.html:7907,2,section_skipped,,,,section skipped at compile (parser_config skip_sections)
17.12.1.1.6,Vulgar Latin to Old Provençal,Old-Provençal-mnj,,index_diachronica_original.html:7908,2,section_skipped,,,,section skipped at compile (parser_config skip_sections)
17.12.1.1.6,Vulgar Latin to Old Provençal,Old-Provençal-mnj_2,,index_diachronica_original.html:7909,2,section_skipped,,,,section skipped at compile (parser_config skip_sections)
17.12.1.1.6,Vulgar Latin to Old Provençal,Old-Provençal-mj,,index_diachronica_original.html:7910,2,section_skipped,,,,section skipped at compile (parser_config skip_sections)
17.12.1.1.6,Vulgar Latin to Old Provençal,"Old-Provençal-ntʃj,ndj",,index_diachronica_original.html:7911,2,section_skipped,,,,section skipped at compile (parser_config skip_sections)
17.12.1.1.6,Vulgar Latin to Old Provençal,"Old-Provençal-ndj,ndʒj-ndʒ",,index_diachronica_original.html:7912,2,section_skipped,,,,section skipped at compile (parser_config skip_sections)
17.12.1.1.6,Vulgar Latin to Old Provençal,Old-Provençal-p,,index_diachronica_original.html:7913,2,section_skipped,,,,section skipped at compile (parser_config skip_sections)
17.12.1.1.6,Vulgar Latin to Old Provençal,Old-Provençal-ptj,,index_diachronica_original.html:7914,2,section_skipped,,,,section skipped at compile (parser_config skip_sections)
17.12.1.1.6,Vulgar Latin to Old Provençal,Old-Provençal-pj,,index_diachronica_original.html:7915,2,section_skipped,,,,section skipped at compile (parser_config skip_sections)
17.12.1.1.6,Vulgar Latin to Old Provençal,Old-Provençal-rtʃj,,index_diachronica_original.html:7916,2,section_skipped,,,,section skipped at compile (parser_config skip_sections)
17.12.1.1.6,Vulgar Latin to Old Provençal,Old-Provençal-rdj-rVɡ,,index_diachronica_original.html:7917,2,section_skipped,,,,section skipped at compile (parser_config skip_sections)
17.12.1.1.6,Vulgar Latin to Old Provençal,Old-Provençal-rdʒ,,index_diachronica_original.html:7918,2,section_skipped,,,,section skipped at compile (parser_config skip_sections)
17.12.1.1.6,Vulgar Latin to Old Provençal,Old-Provençal-rtj,,index_diachronica_original.html:7919,2,section_skipped,,,,section skipped at compile (parser_config skip_sections)
17.12.1.1.6,Vulgar Latin to Old Provençal,Old-Provençal-rːVɡ-rːj,,index_diachronica_original.html:7920,2,section_skipped,,,,section skipped at compile (parser_config skip_sections)
17.12.1.1.6,Vulgar Latin to Old Provençal,Old-Provençal-rtVɡ,,index_diachronica_original.html:7921,2,section_skipped,,,,section skipped at compile (parser_config skip_sections)
17.12.1.1.6,Vulgar Latin to Old Provençal,Old-Provençal-rtj_2,,index_diachronica_original.html:7922,2,section_skipped,,,,section skipped at compile (parser_config skip_sections)
17.12.1.1.6,Vulgar Latin to Old Provençal,Old-Provençal-v_2,,index_diachronica_original.html:7923,2,section_skipped,,,,section skipped at compile (parser_config skip_sections)
17.12.1.1.6,Vulgar Latin to Old Provençal,Old-Provençal-rj,,index_diachronica_original.html:7924,2,section_skipped,,,,section skipped at compile (parser_config skip_sections)
17.12.1.1.6,Vulgar Latin to Old Provençal,Old-Provençal-rj_2,,index_diachronica_original.html:7925,2,section_skipped,,,,section skipped at compile (parser_config skip_sections)
17.12.1.1.6,Vulgar Latin to Old Provençal,"Old-Provençal-sːj,stʃj,stj",,index_diachronica_original.html:7926,2,section_skipped,,,,section skipped at compile (parser_config skip_sections)
17.12.1.1.6,Vulgar Latin to Old Provençal,Old-Provençal-sj,,index_diachronica_original.html:7927,2,section_skipped,,,,section skipped at compile (parser_config skip_sections)
17.12.1.1.6,Vulgar Latin to Old Provençal,Old-Provençal-sj_2,,index_diachronica_original.html:7928,2,section_skipped,,,,section skipped at compile (parser_config skip_sections)
17.12.1.1.6,Vulgar Latin to Old Provençal,Old-Provençal-sj_3,,index_diachronica_original.html:7929,2,section_skipped,,,,section skipped at compile (parser_config skip_sections)
17.12.1.1.6,Vulgar Latin to Old Provençal,Old-Provençal-tVɡ-trj,,index_diachronica_original.html:7930,2,section_skipped,,,,section skipped at compile (parser_config skip_sections)
17.12.1.1.6,Vulgar Latin to Old Provençal,Old-Provençal-tːj,,index_diachronica_original.html:7931,2,section_skipped,,,,section skipped at compile (parser_config skip_sections)
17.12.1.1.6,Vulgar Latin to Old Provençal,Old-Provençal-tj,,index_diachronica_original.html:7932,2,section_skipped,,,,section skipped at compile (parser_config skip_sections)
17.12.1.1.6,Vulgar Latin to Old Provençal,Old-Provençal-l_3,,index_diachronica_original.html:7933,2,section_skipped,,,,section skipped at compile (parser_config skip_sections)
17.12.1.1.6,Vulgar Latin to Old Provençal,Old-Provençal-l_4,,index_diachronica_original.html:7934,2,section_skipped,,,,section skipped at compile (parser_config skip_sections)
17.12.1.1.6,Vulgar Latin to Old Provençal,Old-Provençal-l_5,,index_diachronica_original.html:7935,2,section_skipped,,,,section skipped at compile (parser_config skip_sections)
17.12.1.1.6,Vulgar Latin to Old Provençal,Old-Provençal-ndt-ndtʃ-ntʃ-nkt-nf,,index_diachronica_original.html:7936,2,section_skipped,,,,section skipped at compile (parser_config skip_sections)
17.12.1.1.6,Vulgar Latin to Old Provençal,Old-Provençal-nt-nd,,index_diachronica_original.html:7937,2,section_skipped,,,,section skipped at compile (parser_config skip_sections)
17.12.1.1.6,Vulgar Latin to Old Provençal,Old-Provençal-nd,,index_diachronica_original.html:7938,2,section_skipped,,,,section skipped at compile (parser_config skip_sections)
17.12.1.1.6,Vulgar Latin to Old Provençal,Old-Provençal-d_2,,index_diachronica_original.html:7939,2,section_skipped,,,,section skipped at compile (parser_config skip_sections)
17.12.1.1.6,Vulgar Latin to Old Provençal,Old-Provençal-rtʃ-rdtʃ,,index_diachronica_original.html:7940,2,section_skipped,,,,section skipped at compile (parser_config skip_sections)
17.12.1.1.6,Vulgar Latin to Old Provençal,Old-Provençal-rdɡ,,index_diachronica_original.html:7941,2,section_skipped,,,,section skipped at compile (parser_config skip_sections)
17.12.1.1.6,Vulgar Latin to Old Provençal,Old-Provençal-t,,index_diachronica_original.html:7942,2,section_skipped,,,,section skipped at compile (parser_config skip_sections)
17.12.1.1.6,Vulgar Latin to Old Provençal,Old-Provençal-t_2,,index_diachronica_original.html:7943,2,section_skipped,,,,section skipped at compile (parser_config skip_sections)
17.12.1.1.6,Vulgar Latin to Old Provençal,Old-Provençal-stʃ,,index_diachronica_original.html:7944,2,section_skipped,,,,section skipped at compile (parser_config skip_sections)
17.12.1.1.6,Vulgar Latin to Old Provençal,Old-Provençal-stʃ_2,,index_diachronica_original.html:7945,2,section_skipped,,,,section skipped at compile (parser_config skip_sections)
17.12.1.1.6,Vulgar Latin to Old Provençal,Old-Provençal-stʃ_3,,index_diachronica_original.html:7946,2,section_skipped,,,,section skipped at compile (parser_config skip_sections)
17.12.1.1.6,Vulgar Latin to Old Provençal,Old-Provençal-k_2,,index_diachronica_original.html:7947,2,section_skipped,,,,section skipped at compile (parser_config skip_sections)
17.12.1.1.6,Vulgar Latin to Old Provençal,"Old-Provençal-p,t",,index_diachronica_original.html:7948,2,section_skipped,,,,section skipped at compile (parser_config skip_sections)
17.12.1.1.6,Vulgar Latin to Old Provençal,Old-Provençal-p_2,,index_diachronica_original.html:7949,2,section_skipped,,,,section skipped at compile (parser_config skip_sections)
17.12.1.1.6,Vulgar Latin to Old Provençal,Old-Provençal-stɡ,,index_diachronica_original.html:7950,2,section_skipped,,,,section skipped at compile (parser_config skip_sections)
17.12.1.1.6,Vulgar Latin to Old Provençal,Old-Provençal-bk,,index_diachronica_original.html:7951,2,section_skipped,,,,section skipped at compile (parser_config skip_sections)
17.12.1.1.6,Vulgar Latin to Old Provençal,Old-Provençal-b,,index_diachronica_original.html:7952,2,section_skipped,,,,section skipped at compile (parser_config skip_sections)
17.12.1.1.6,Vulgar Latin to Old Provençal,Old-Provençal-b_2,,index_diachronica_original.html:7953,2,section_skipped,,,,section skipped at compile (parser_config skip_sections)
17.12.1.1.6,Vulgar Latin to Old Provençal,Old-Provençal-b_3,,index_diachronica_original.html:7954,2,section_skipped,,,,section skipped at compile (parser_config skip_sections)
17.12.1.1.6,Vulgar Latin to Old Provençal,Old-Provençal-b_4,,index_diachronica_original.html:7955,2,section_skipped,,,,section skipped at compile (parser_config skip_sections)
17.12.1.1.6,Vulgar Latin to Old Provençal,Old-Provençal-β_12,,index_diachronica_original.html:7956,2,section_skipped,,,,section skipped at compile (parser_config skip_sections)
17.12.1.1.6,Vulgar Latin to Old Provençal,Old-Provençal-βtʃ,,index_diachronica_original.html:7957,2,section_skipped,,,,section skipped at compile (parser_config skip_sections)
17.12.1.1.6,Vulgar Latin to Old Provençal,Old-Provençal-βt-βd,,index_diachronica_original.html:7958,2,section_skipped,,,,section skipped at compile (parser_config skip_sections)
17.12.1.1.6,Vulgar Latin to Old Provençal,Old-Provençal-βt-βd_2,,index_diachronica_original.html:7959,2,section_skipped,,,,section skipped at compile (parser_config skip_sections)
17.12.1.1.6,Vulgar Latin to Old Provençal,Old-Provençal-ktʃ,,index_diachronica_original.html:7960,2,section_skipped,,,,section skipped at compile (parser_config skip_sections)
17.12.1.1.6,Vulgar Latin to Old Provençal,Old-Provençal-ktʃ_2,,index_diachronica_original.html:7961,2,section_skipped,,,,section skipped at compile (parser_config skip_sections)
17.12.1.1.6,Vulgar Latin to Old Provençal,Old-Provençal-tʃ-k,,index_diachronica_original.html:7962,2,section_skipped,,,,section skipped at compile (parser_config skip_sections)
17.12.1.1.6,Vulgar Latin to Old Provençal,Old-Provençal-kt-ɡd,,index_diachronica_original.html:7963,2,section_skipped,,,,section skipped at compile (parser_config skip_sections)
17.12.1.1.6,Vulgar Latin to Old Provençal,"Old-Provençal-tʃ,kt-ɡd",,index_diachronica_original.html:7964,2,section_skipped,,,,section skipped at compile (parser_config skip_sections)
17.12.1.1.6,Vulgar Latin to Old Provençal,Old-Provençal-dtʃ,,index_diachronica_original.html:7965,2,section_skipped,,,,section skipped at compile (parser_config skip_sections)
17.12.1.1.6,Vulgar Latin to Old Provençal,Old-Provençal-dtʃ_2,,index_diachronica_original.html:7966,2,section_skipped,,,,section skipped at compile (parser_config skip_sections)
17.12.1.1.6,Vulgar Latin to Old Provençal,Old-Provençal-dtʃ_3,,index_diachronica_original.html:7967,2,section_skipped,,,,section skipped at compile (parser_config skip_sections)
17.12.1.1.6,Vulgar Latin to Old Provençal,Old-Provençal-ɡ_7,,index_diachronica_original.html:7968,2,section_skipped,,,,section skipped at compile (parser_config skip_sections)
17.12.1.1.6,Vulgar Latin to Old Provençal,"Old-Provençal-ɡnd,t",,index_diachronica_original.html:7969,2,section_skipped,,,,section skipped at compile (parser_config skip_sections)
17.12.1.1.6,Vulgar Latin to Old Provençal,Old-Provençal-ɡn,,index_diachronica_original.html:7970,2,section_skipped,,,,section skipped at compile (parser_config skip_sections)
17.12.1.1.6,Vulgar Latin to Old Provençal,Old-Provençal-ksk,,index_diachronica_original.html:7971,2,section_skipped,,,,section skipped at compile (parser_config skip_sections)
17.12.1.1.6,Vulgar Latin to Old Provençal,Old-Provençal-k_3,,index_diachronica_original.html:7972,2,section_skipped,,,,section skipped at compile (parser_config skip_sections)
17.12.1.1.6,Vulgar Latin to Old Provençal,Old-Provençal-ks,,index_diachronica_original.html:7973,2,section_skipped,,,,section skipped at compile (parser_config skip_sections)
17.12.1.1.6,Vulgar Latin to Old Provençal,Old-Provençal-ksː,,index_diachronica_original.html:7974,2,section_skipped,,,,section skipped at compile (parser_config skip_sections)
17.12.1.1.6,Vulgar Latin to Old Provençal,Old-Provençal-p_3,,index_diachronica_original.html:7975,2,section_skipped,,,,section skipped at compile (parser_config skip_sections)
17.12.1.1.6,Vulgar Latin to Old Provençal,Old-Provençal-pk,,index_diachronica_original.html:7976,2,section_skipped,,,,section skipped at compile (parser_config skip_sections)
17.12.1.1.6,Vulgar Latin to Old Provençal,Old-Provençal-pt,,index_diachronica_original.html:7978,2,section_skipped,,,,section skipped at compile (parser_config skip_sections)
17.12.1.1.6,Vulgar Latin to Old Provençal,Old-Provençal-p_4,,index_diachronica_original.html:7979,2,section_skipped,,,,section skipped at compile (parser_config skip_sections)
17.12.1.1.6,Vulgar Latin to Old Provençal,Old-Provençal-td,,index_diachronica_original.html:7980,2,section_skipped,,,,section skipped at compile (parser_config skip_sections)
17.12.1.1.6,Vulgar Latin to Old Provençal,Old-Provençal-jd,,index_diachronica_original.html:7981,2,section_skipped,,,,section skipped at compile (parser_config skip_sections)
17.12.1.1.6,Vulgar Latin to Old Provençal,"Old-Provençal-d,l",,index_diachronica_original.html:7983,2,section_skipped,,,,section skipped at compile (parser_config skip_sections)
17.12.1.1.6,Vulgar Latin to Old Provençal,Old-Provençal-t_3,,index_diachronica_original.html:7984,2,section_skipped,,,,section skipped at compile (parser_config skip_sections)
17.12.1.1.10,Vulgar Latin to Spanish,"Spanish-e-ɛ,a-ɔ-o",,index_diachronica_original.html:8143,2,rule_skipped,,,,held-out (commented rule)
29.2,Proto-Na-Dene to Tlingit,Tlingit-s,,index_diachronica_original.html:10402,2,section_skipped,,,,section skipped at compile (parser_config skip_sections)
29.2,Proto-Na-Dene to Tlingit,Tlingit-ts,,index_diachronica_original.html:10403,2,section_skipped,,,,section skipped at compile (parser_config skip_sections)
29.2,Proto-Na-Dene to Tlingit,Tlingit-tsʼ,,index_diachronica_original.html:10404,2,section_skipped,,,,section skipped at compile (parser_config skip_sections)
29.2,Proto-Na-Dene to Tlingit,Tlingit-ʃ,,index_diachronica_original.html:10405,2,section_skipped,,,,section skipped at compile (parser_config skip_sections)
29.2,Proto-Na-Dene to Tlingit,Tlingit-tʃ,,index_diachronica_original.html:10406,2,section_skipped,,,,section skipped at compile (parser_config skip_sections)
29.2,Proto-Na-Dene to Tlingit,Tlingit-tʃʼ,,index_diachronica_original.html:10407,2,section_skipped,,,,section skipped at compile (parser_config skip_sections)
29.2,Proto-Na-Dene to Tlingit,Tlingit-kʲ-kʲʼ,,index_diachronica_original.html:10409,2,section_skipped,,,,section skipped at compile (parser_config skip_sections)
29.2,Proto-Na-Dene to Tlingit,Tlingit-xʲ,,index_diachronica_original.html:10410,2,section_skipped,,,,section skipped at compile (parser_config skip_sections)
29.2,Proto-Na-Dene to Tlingit,Tlingit-kʷʼ,,index_diachronica_original.html:10411,2,section_skipped,,,,section skipped at compile (parser_config skip_sections)
29.2,Proto-Na-Dene to Tlingit,Tlingit-xʷ,,index_diachronica_original.html:10412,2,section_skipped,,,,section skipped at compile (parser_config skip_sections)
29.2,Proto-Na-Dene to Tlingit,Tlingit-qʼ-qʷʼ,,index_diachronica_original.html:10413,2,section_skipped,,,,section skipped at compile (parser_config skip_sections)
29.2,Proto-Na-Dene to Tlingit,Tlingit-x,,index_diachronica_original.html:10414,2,section_skipped,,,,section skipped at compile (parser_config skip_sections)
29.2,Proto-Na-Dene to Tlingit,Tlingit-$,,index_diachronica_original.html:10415,2,section_skipped,,,,section skipped at compile (parser_config skip_sections)
35.1.1,Proto-Central Salish to Comox,Comox-tsʼ,,index_diachronica_original.html:11392,2,section_skipped,,,,section skipped at compile (parser_config skip_sections)
35.1.1,Proto-Central Salish to Comox,Comox-lʲ,,index_diachronica_original.html:11393,2,section_skipped,,,,section skipped at compile (parser_config skip_sections)
35.1.1,Proto-Central Salish to Comox,Comox-lʲ_2,,index_diachronica_original.html:11394,2,section_skipped,,,,section skipped at compile (parser_config skip_sections)
35.1.1,Proto-Central Salish to Comox,Comox-lʲ_3,,index_diachronica_original.html:11395,2,section_skipped,,,,section skipped at compile (parser_config skip_sections)
35.1.1,Proto-Central Salish to Comox,Comox-s,,index_diachronica_original.html:11396,2,section_skipped,,,,section skipped at compile (parser_config skip_sections)
35.1.1,Proto-Central Salish to Comox,Comox-s_2,,index_diachronica_original.html:11397,2,section_skipped,,,,section skipped at compile (parser_config skip_sections)
35.1.1,Proto-Central Salish to Comox,Comox-w-j,,index_diachronica_original.html:11398,2,section_skipped,,,,section skipped at compile (parser_config skip_sections)
35.1.1,Proto-Central Salish to Comox,Comox-V3ʔ,,index_diachronica_original.html:11399,2,section_skipped,,,,section skipped at compile (parser_config skip_sections)
35.1.1,Proto-Central Salish to Comox,Comox-ʔ,,index_diachronica_original.html:11400,2,section_skipped,,,,section skipped at compile (parser_config skip_sections)
35.1.1,Proto-Central Salish to Comox,Comox-ʔ_2,,index_diachronica_original.html:11401,2,section_skipped,,,,section skipped at compile (parser_config skip_sections)
35.1.1,Proto-Central Salish to Comox,Comox-a3~ə3,,index_diachronica_original.html:11402,2,section_skipped,,,,section skipped at compile (parser_config skip_sections)
35.1.1,Proto-Central Salish to Comox,Comox-a3~i3,,index_diachronica_original.html:11403,2,section_skipped,,,,section skipped at compile (parser_config skip_sections)
35.1.1,Proto-Central Salish to Comox,Comox-a1~i1,,index_diachronica_original.html:11404,2,section_skipped,,,,section skipped at compile (parser_config skip_sections)
35.1.1,Proto-Central Salish to Comox,Comox-i3~ə3,,index_diachronica_original.html:11405,2,section_skipped,,,,section skipped at compile (parser_config skip_sections)
35.1.1,Proto-Central Salish to Comox,Comox-i3~ə1,,index_diachronica_original.html:11406,2,section_skipped,,,,section skipped at compile (parser_config skip_sections)
35.1.1,Proto-Central Salish to Comox,Comox-i1~ə1,,index_diachronica_original.html:11407,2,section_skipped,,,,section skipped at compile (parser_config skip_sections)
35.1.3,Proto-Central Salish to Cowichan Halkomelem,Cowichan-Halkomelem-tsʼ-tʃʼ,,index_diachronica_original.html:11436,2,section_skipped,,,,section skipped at compile (parser_config skip_sections)
35.1.3,Proto-Central Salish to Cowichan Halkomelem,Cowichan-Halkomelem-s,,index_diachronica_original.html:11437,2,section_skipped,,,,section skipped at compile (parser_config skip_sections)
35.1.3,Proto-Central Salish to Cowichan Halkomelem,Cowichan-Halkomelem-xʲ,,index_diachronica_original.html:11438,2,section_skipped,,,,section skipped at compile (parser_config skip_sections)
35.1.3,Proto-Central Salish to Cowichan Halkomelem,Cowichan-Halkomelem-V3h,,index_diachronica_original.html:11439,2,section_skipped,,,,section skipped at compile (parser_config skip_sections)
35.1.3,Proto-Central Salish to Cowichan Halkomelem,Cowichan-Halkomelem-V03ʔV0,,index_diachronica_original.html:11440,2,section_skipped,,,,section skipped at compile (parser_config skip_sections)
35.1.3,Proto-Central Salish to Cowichan Halkomelem,Cowichan-Halkomelem-V3ʔR,,index_diachronica_original.html:11441,2,section_skipped,,,,section skipped at compile (parser_config skip_sections)
35.1.3,Proto-Central Salish to Cowichan Halkomelem,"Cowichan-Halkomelem-a3-u3-a1,u1-i1",,index_diachronica_original.html:11442,2,section_skipped,,,,section skipped at compile (parser_config skip_sections)
35.1.3,Proto-Central Salish to Cowichan Halkomelem,Cowichan-Halkomelem-a3~ə3,,index_diachronica_original.html:11443,2,section_skipped,,,,section skipped at compile (parser_config skip_sections)
35.1.3,Proto-Central Salish to Cowichan Halkomelem,Cowichan-Halkomelem-a3~i3,,index_diachronica_original.html:11444,2,section_skipped,,,,section skipped at compile (parser_config skip_sections)
35.1.3,Proto-Central Salish to Cowichan Halkomelem,Cowichan-Halkomelem-a1~i1,,index_diachronica_original.html:11445,2,section_skipped,,,,section skipped at compile (parser_config skip_sections)
35.1.3,Proto-Central Salish to Cowichan Halkomelem,Cowichan-Halkomelem-i3~e3,,index_diachronica_original.html:11446,2,section_skipped,,,,section skipped at compile (parser_config skip_sections)
35.1.3,Proto-Central Salish to Cowichan Halkomelem,Cowichan-Halkomelem-i3~ə1,,index_diachronica_original.html:11447,2,section_skipped,,,,section skipped at compile (parser_config skip_sections)
35.1.3,Proto-Central Salish to Cowichan Halkomelem,Cowichan-Halkomelem-i1~ə1,,index_diachronica_original.html:11448,2,section_skipped,,,,section skipped at compile (parser_config skip_sections)
35.1.4,Proto-Central Salish to Musqueam Halkomelem,Musqueam-Halkomelem-ʔn,,index_diachronica_original.html:11453,2,section_skipped,,,,section skipped at compile (parser_config skip_sections)
35.1.4,Proto-Central Salish to Musqueam Halkomelem,Musqueam-Halkomelem-tsʼ-tʃʼ,,index_diachronica_original.html:11454,2,section_skipped,,,,section skipped at compile (parser_config skip_sections)
35.1.4,Proto-Central Salish to Musqueam Halkomelem,Musqueam-Halkomelem-lʲ,,index_diachronica_original.html:11455,2,section_skipped,,,,section skipped at compile (parser_config skip_sections)
35.1.4,Proto-Central Salish to Musqueam Halkomelem,Musqueam-Halkomelem-V3h,,index_diachronica_original.html:11456,2,section_skipped,,,,section skipped at compile (parser_config skip_sections)
35.1.4,Proto-Central Salish to Musqueam Halkomelem,Musqueam-Halkomelem-V3ʔ,,index_diachronica_original.html:11457,2,section_skipped,,,,section skipped at compile (parser_config skip_sections)
35.1.4,Proto-Central Salish to Musqueam Halkomelem,Musqueam-Halkomelem-V03ʔV0,,index_diachronica_original.html:11458,2,section_skipped,,,,section skipped at compile (parser_config skip_sections)
35.1.4,Proto-Central Salish to Musqueam Halkomelem,Musqueam-Halkomelem-V3ʔR,,index_diachronica_original.html:11459,2,section_skipped,,,,section skipped at compile (parser_config skip_sections)
35.1.4,Proto-Central Salish to Musqueam Halkomelem,"Musqueam-Halkomelem-u3-u1,a1-a3-i1",,index_diachronica_original.html:11460,2,section_skipped,,,,section skipped at compile (parser_config skip_sections)
35.1.4,Proto-Central Salish to Musqueam Halkomelem,Musqueam-Halkomelem-u3~ə3,,index_diachronica_original.html:11461,2,section_skipped,,,,section skipped at compile (parser_config skip_sections)
35.1.4,Proto-Central Salish to Musqueam Halkomelem,Musqueam-Halkomelem-a3~ə3,,index_diachronica_original.html:11462,2,section_skipped,,,,section skipped at compile (parser_config skip_sections)
35.1.4,Proto-Central Salish to Musqueam Halkomelem,Musqueam-Halkomelem-a3~i3,,index_diachronica_original.html:11463,2,section_skipped,,,,section skipped at compile (parser_config skip_sections)
35.1.4,Proto-Central Salish to Musqueam Halkomelem,Musqueam-Halkomelem-a1~i1,,index_diachronica_original.html:11464,2,section_skipped,,,,section skipped at compile (parser_config skip_sections)
35.1.4,Proto-Central Salish to Musqueam Halkomelem,Musqueam-Halkomelem-i3~e3,,index_diachronica_original.html:11465,2,section_skipped,,,,section skipped at compile (parser_config skip_sections)
35.1.4,Proto-Central Salish to Musqueam Halkomelem,Musqueam-Halkomelem-i3~ə1,,index_diachronica_original.html:11466,2,section_skipped,,,,section skipped at compile (parser_config skip_sections)
35.1.4,Proto-Central Salish to Musqueam Halkomelem,Musqueam-Halkomelem-i1~ə1,,index_diachronica_original.html:11467,2,section_skipped,,,,section skipped at compile (parser_config skip_sections)
35.1.5,Proto-Central Salish to Klallam,Klallam-mʔn,,index_diachronica_original.html:11472,2,section_skipped,,,,section skipped at compile (parser_config skip_sections)
35.1.5,Proto-Central Salish to Klallam,Klallam-pʼ-m,,index_diachronica_original.html:11473,2,section_skipped,,,,section skipped at compile (parser_config skip_sections)
35.1.5,Proto-Central Salish to Klallam,Klallam-lʲ,,index_diachronica_original.html:11474,2,section_skipped,,,,section skipped at compile (parser_config skip_sections)
35.1.5,Proto-Central Salish to Klallam,Klallam-xʲ,,index_diachronica_original.html:11475,2,section_skipped,,,,section skipped at compile (parser_config skip_sections)
35.1.5,Proto-Central Salish to Klallam,Klallam-tʃ,,index_diachronica_original.html:11476,2,section_skipped,,,,section skipped at compile (parser_config skip_sections)
35.1.5,Proto-Central Salish to Klallam,Klallam-tʃʼ,,index_diachronica_original.html:11477,2,section_skipped,,,,section skipped at compile (parser_config skip_sections)
35.1.5,Proto-Central Salish to Klallam,Klallam-w-j,,index_diachronica_original.html:11478,2,section_skipped,,,,section skipped at compile (parser_config skip_sections)
35.1.5,Proto-Central Salish to Klallam,Klallam-V03ʔV0,,index_diachronica_original.html:11479,2,section_skipped,,,,section skipped at compile (parser_config skip_sections)
35.1.5,Proto-Central Salish to Klallam,Klallam-u1,,index_diachronica_original.html:11480,2,section_skipped,,,,section skipped at compile (parser_config skip_sections)
35.1.5,Proto-Central Salish to Klallam,Klallam-a3,,index_diachronica_original.html:11481,2,section_skipped,,,,section skipped at compile (parser_config skip_sections)
35.1.5,Proto-Central Salish to Klallam,Klallam-a3_2,,index_diachronica_original.html:11482,2,section_skipped,,,,section skipped at compile (parser_config skip_sections)
35.1.5,Proto-Central Salish to Klallam,Klallam-a1,,index_diachronica_original.html:11483,2,section_skipped,,,,section skipped at compile (parser_config skip_sections)
35.1.5,Proto-Central Salish to Klallam,Klallam-u3~ə3,,index_diachronica_original.html:11484,2,section_skipped,,,,section skipped at compile (parser_config skip_sections)
35.1.5,Proto-Central Salish to Klallam,Klallam-a3~ə3,,index_diachronica_original.html:11485,2,section_skipped,,,,section skipped at compile (parser_config skip_sections)
35.1.5,Proto-Central Salish to Klallam,Klallam-a3~i3,,index_diachronica_original.html:11486,2,section_skipped,,,,section skipped at compile (parser_config skip_sections)
35.1.5,Proto-Central Salish to Klallam,Klallam-a1~i1,,index_diachronica_original.html:11487,2,section_skipped,,,,section skipped at compile (parser_config skip_sections)
35.1.5,Proto-Central Salish to Klallam,Klallam-i3~ə3,,index_diachronica_original.html:11488,2,section_skipped,,,,section skipped at compile (parser_config skip_sections)
35.1.5,Proto-Central Salish to Klallam,Klallam-i3~ə1,,index_diachronica_original.html:11489,2,section_skipped,,,,section skipped at compile (parser_config skip_sections)
35.1.5,Proto-Central Salish to Klallam,Klallam-i1~ə1,,index_diachronica_original.html:11490,2,section_skipped,,,,section skipped at compile (parser_config skip_sections)
35.1.8,Proto-Central Salish to Lummi Northern Straits,Lummi-Northern-Straits-p’-m,,index_diachronica_original.html:11541,2,section_skipped,,,,section skipped at compile (parser_config skip_sections)
35.1.8,Proto-Central Salish to Lummi Northern Straits,Lummi-Northern-Straits-mʔ,,index_diachronica_original.html:11542,2,section_skipped,,,,section skipped at compile (parser_config skip_sections)
35.1.8,Proto-Central Salish to Lummi Northern Straits,Lummi-Northern-Straits-ts,,index_diachronica_original.html:11543,2,section_skipped,,,,section skipped at compile (parser_config skip_sections)
35.1.8,Proto-Central Salish to Lummi Northern Straits,Lummi-Northern-Straits-lʲ,,index_diachronica_original.html:11544,2,section_skipped,,,,section skipped at compile (parser_config skip_sections)
35.1.8,Proto-Central Salish to Lummi Northern Straits,Lummi-Northern-Straits-s,,index_diachronica_original.html:11545,2,section_skipped,,,,section skipped at compile (parser_config skip_sections)
35.1.8,Proto-Central Salish to Lummi Northern Straits,Lummi-Northern-Straits-tʃ,,index_diachronica_original.html:11546,2,section_skipped,,,,section skipped at compile (parser_config skip_sections)
35.1.8,Proto-Central Salish to Lummi Northern Straits,Lummi-Northern-Straits-tʃ’,,index_diachronica_original.html:11547,2,section_skipped,,,,section skipped at compile (parser_config skip_sections)
35.1.8,Proto-Central Salish to Lummi Northern Straits,Lummi-Northern-Straits-j,,index_diachronica_original.html:11548,2,section_skipped,,,,section skipped at compile (parser_config skip_sections)
35.1.8,Proto-Central Salish to Lummi Northern Straits,Lummi-Northern-Straits-ʔ,,index_diachronica_original.html:11549,2,section_skipped,,,,section skipped at compile (parser_config skip_sections)
35.1.8,Proto-Central Salish to Lummi Northern Straits,Lummi-Northern-Straits-ʔ_2,,index_diachronica_original.html:11550,2,section_skipped,,,,section skipped at compile (parser_config skip_sections)
35.1.8,Proto-Central Salish to Lummi Northern Straits,Lummi-Northern-Straits-u3-u1,,index_diachronica_original.html:11551,2,section_skipped,,,,section skipped at compile (parser_config skip_sections)
35.1.8,Proto-Central Salish to Lummi Northern Straits,Lummi-Northern-Straits-a3,,index_diachronica_original.html:11552,2,section_skipped,,,,section skipped at compile (parser_config skip_sections)
35.1.8,Proto-Central Salish to Lummi Northern Straits,Lummi-Northern-Straits-a3_2,,index_diachronica_original.html:11553,2,section_skipped,,,,section skipped at compile (parser_config skip_sections)
35.1.8,Proto-Central Salish to Lummi Northern Straits,Lummi-Northern-Straits-a3_3,,index_diachronica_original.html:11554,2,section_skipped,,,,section skipped at compile (parser_config skip_sections)
35.1.8,Proto-Central Salish to Lummi Northern Straits,Lummi-Northern-Straits-a1,,index_diachronica_original.html:11555,2,section_skipped,,,,section skipped at compile (parser_config skip_sections)
35.1.8,Proto-Central Salish to Lummi Northern Straits,Lummi-Northern-Straits-u3~ə3,,index_diachronica_original.html:11556,2,section_skipped,,,,section skipped at compile (parser_config skip_sections)
35.1.8,Proto-Central Salish to Lummi Northern Straits,Lummi-Northern-Straits-a3~ə3,,index_diachronica_original.html:11557,2,section_skipped,,,,section skipped at compile (parser_config skip_sections)
35.1.8,Proto-Central Salish to Lummi Northern Straits,Lummi-Northern-Straits-a3~i3,,index_diachronica_original.html:11558,2,section_skipped,,,,section skipped at compile (parser_config skip_sections)
35.1.8,Proto-Central Salish to Lummi Northern Straits,Lummi-Northern-Straits-a1~i1,,index_diachronica_original.html:11559,2,section_skipped,,,,section skipped at compile (parser_config skip_sections)
35.1.8,Proto-Central Salish to Lummi Northern Straits,Lummi-Northern-Straits-i3~e3,,index_diachronica_original.html:11560,2,section_skipped,,,,section skipped at compile (parser_config skip_sections)
35.1.8,Proto-Central Salish to Lummi Northern Straits,Lummi-Northern-Straits-i3~ə1,,index_diachronica_original.html:11561,2,section_skipped,,,,section skipped at compile (parser_config skip_sections)
35.1.8,Proto-Central Salish to Lummi Northern Straits,Lummi-Northern-Straits-i1~ə1,,index_diachronica_original.html:11562,2,section_skipped,,,,section skipped at compile (parser_config skip_sections)
35.1.10,Proto-Central Salish to Songish Northern Straits,Songish-Northern-Straits-p’-m,,index_diachronica_original.html:11591,2,section_skipped,,,,section skipped at compile (parser_config skip_sections)
35.1.10,Proto-Central Salish to Songish Northern Straits,Songish-Northern-Straits-mʔn,,index_diachronica_original.html:11592,2,section_skipped,,,,section skipped at compile (parser_config skip_sections)
35.1.10,Proto-Central Salish to Songish Northern Straits,Songish-Northern-Straits-ts,,index_diachronica_original.html:11593,2,section_skipped,,,,section skipped at compile (parser_config skip_sections)
35.1.10,Proto-Central Salish to Songish Northern Straits,Songish-Northern-Straits-lʲ,,index_diachronica_original.html:11594,2,section_skipped,,,,section skipped at compile (parser_config skip_sections)
35.1.10,Proto-Central Salish to Songish Northern Straits,Songish-Northern-Straits-s,,index_diachronica_original.html:11595,2,section_skipped,,,,section skipped at compile (parser_config skip_sections)
35.1.10,Proto-Central Salish to Songish Northern Straits,Songish-Northern-Straits-xʲ,,index_diachronica_original.html:11596,2,section_skipped,,,,section skipped at compile (parser_config skip_sections)
35.1.10,Proto-Central Salish to Songish Northern Straits,Songish-Northern-Straits-tʃ’,,index_diachronica_original.html:11597,2,section_skipped,,,,section skipped at compile (parser_config skip_sections)
35.1.10,Proto-Central Salish to Songish Northern Straits,Songish-Northern-Straits-j-w,,index_diachronica_original.html:11598,2,section_skipped,,,,section skipped at compile (parser_config skip_sections)
35.1.10,Proto-Central Salish to Songish Northern Straits,Songish-Northern-Straits-V3h,,index_diachronica_original.html:11599,2,section_skipped,,,,section skipped at compile (parser_config skip_sections)
35.1.10,Proto-Central Salish to Songish Northern Straits,Songish-Northern-Straits-u3-u1,,index_diachronica_original.html:11600,2,section_skipped,,,,section skipped at compile (parser_config skip_sections)
35.1.10,Proto-Central Salish to Songish Northern Straits,Songish-Northern-Straits-a3,,index_diachronica_original.html:11601,2,section_skipped,,,,section skipped at compile (parser_config skip_sections)
35.1.10,Proto-Central Salish to Songish Northern Straits,Songish-Northern-Straits-a3_2,,index_diachronica_original.html:11602,2,section_skipped,,,,section skipped at compile (parser_config skip_sections)
35.1.10,Proto-Central Salish to Songish Northern Straits,Songish-Northern-Straits-a1,,index_diachronica_original.html:11603,2,section_skipped,,,,section skipped at compile (parser_config skip_sections)
35.1.10,Proto-Central Salish to Songish Northern Straits,Songish-Northern-Straits-u3~ə3,,index_diachronica_original.html:11604,2,section_skipped,,,,section skipped at compile (parser_config skip_sections)
35.1.10,Proto-Central Salish to Songish Northern Straits,Songish-Northern-Straits-a3~ə3,,index_diachronica_original.html:11605,2,section_skipped,,,,section skipped at compile (parser_config skip_sections)
35.1.10,Proto-Central Salish to Songish Northern Straits,Songish-Northern-Straits-a3~i3,,index_diachronica_original.html:11606,2,section_skipped,,,,section skipped at compile (parser_config skip_sections)
35.1.10,Proto-Central Salish to Songish Northern Straits,Songish-Northern-Straits-a1~i1,,index_diachronica_original.html:11607,2,section_skipped,,,,section skipped at compile (parser_config skip_sections)
35.1.10,Proto-Central Salish to Songish Northern Straits,Songish-Northern-Straits-i3~e3,,index_diachronica_original.html:11608,2,section_skipped,,,,section skipped at compile (parser_config skip_sections)
35.1.10,Proto-Central Salish to Songish Northern Straits,Songish-Northern-Straits-i3~ə1,,index_diachronica_original.html:11609,2,section_skipped,,,,section skipped at compile (parser_config skip_sections)
35.1.10,Proto-Central Salish to Songish Northern Straits,Songish-Northern-Straits-i1~ə1,,index_diachronica_original.html:11610,2,section_skipped,,,,section skipped at compile (parser_config skip_sections)
35.1.11,Proto-Central Salish to Sooke Northern Straits,Sooke-Northern-Straits-p’-m,,index_diachronica_original.html:11615,2,section_skipped,,,,section skipped at compile (parser_config skip_sections)
35.1.11,Proto-Central Salish to Sooke Northern Straits,Sooke-Northern-Straits-mʔn,,index_diachronica_original.html:11616,2,section_skipped,,,,section skipped at compile (parser_config skip_sections)
35.1.11,Proto-Central Salish to Sooke Northern Straits,Sooke-Northern-Straits-ts,,index_diachronica_original.html:11617,2,section_skipped,,,,section skipped at compile (parser_config skip_sections)
35.1.11,Proto-Central Salish to Sooke Northern Straits,Sooke-Northern-Straits-lʲ,,index_diachronica_original.html:11618,2,section_skipped,,,,section skipped at compile (parser_config skip_sections)
35.1.11,Proto-Central Salish to Sooke Northern Straits,Sooke-Northern-Straits-xʲ,,index_diachronica_original.html:11619,2,section_skipped,,,,section skipped at compile (parser_config skip_sections)
35.1.11,Proto-Central Salish to Sooke Northern Straits,Sooke-Northern-Straits-tʃ,,index_diachronica_original.html:11620,2,section_skipped,,,,section skipped at compile (parser_config skip_sections)
35.1.11,Proto-Central Salish to Sooke Northern Straits,Sooke-Northern-Straits-tʃ’,,index_diachronica_original.html:11621,2,section_skipped,,,,section skipped at compile (parser_config skip_sections)
35.1.11,Proto-Central Salish to Sooke Northern Straits,Sooke-Northern-Straits-j-w,,index_diachronica_original.html:11622,2,section_skipped,,,,section skipped at compile (parser_config skip_sections)
35.1.11,Proto-Central Salish to Sooke Northern Straits,Sooke-Northern-Straits-u3-u1,,index_diachronica_original.html:11623,2,section_skipped,,,,section skipped at compile (parser_config skip_sections)
35.1.11,Proto-Central Salish to Sooke Northern Straits,Sooke-Northern-Straits-a3,,index_diachronica_original.html:11624,2,section_skipped,,,,section skipped at compile (parser_config skip_sections)
35.1.11,Proto-Central Salish to Sooke Northern Straits,Sooke-Northern-Straits-a3_2,,index_diachronica_original.html:11625,2,section_skipped,,,,section skipped at compile (parser_config skip_sections)
35.1.11,Proto-Central Salish to Sooke Northern Straits,Sooke-Northern-Straits-a1,,index_diachronica_original.html:11626,2,section_skipped,,,,section skipped at compile (parser_config skip_sections)
35.1.11,Proto-Central Salish to Sooke Northern Straits,Sooke-Northern-Straits-u3~ə3,,index_diachronica_original.html:11627,2,section_skipped,,,,section skipped at compile (parser_config skip_sections)
35.1.11,Proto-Central Salish to Sooke Northern Straits,Sooke-Northern-Straits-a3~ə3,,index_diachronica_original.html:11628,2,section_skipped,,,,section skipped at compile (parser_config skip_sections)
35.1.11,Proto-Central Salish to Sooke Northern Straits,Sooke-Northern-Straits-a3~i3,,index_diachronica_original.html:11629,2,section_skipped,,,,section skipped at compile (parser_config skip_sections)
35.1.11,Proto-Central Salish to Sooke Northern Straits,Sooke-Northern-Straits-a1~i1,,index_diachronica_original.html:11630,2,section_skipped,,,,section skipped at compile (parser_config skip_sections)
35.1.11,Proto-Central Salish to Sooke Northern Straits,Sooke-Northern-Straits-i3~e3,,index_diachronica_original.html:11631,2,section_skipped,,,,section skipped at compile (parser_config skip_sections)
35.1.11,Proto-Central Salish to Sooke Northern Straits,Sooke-Northern-Straits-i3~ə1,,index_diachronica_original.html:11632,2,section_skipped,,,,section skipped at compile (parser_config skip_sections)
35.1.11,Proto-Central Salish to Sooke Northern Straits,Sooke-Northern-Straits-i1~ə1,,index_diachronica_original.html:11633,2,section_skipped,,,,section skipped at compile (parser_config skip_sections)
35.1.14,Proto-Central Salish to Sqamish,Sqamish-n,,index_diachronica_original.html:11670,2,section_skipped,,,,section skipped at compile (parser_config skip_sections)
35.1.14,Proto-Central Salish to Sqamish,Sqamish-lʲ,,index_diachronica_original.html:11671,2,section_skipped,,,,section skipped at compile (parser_config skip_sections)
35.1.14,Proto-Central Salish to Sqamish,Sqamish-xʲ,,index_diachronica_original.html:11672,2,section_skipped,,,,section skipped at compile (parser_config skip_sections)
35.1.14,Proto-Central Salish to Sqamish,Sqamish-ʔR,,index_diachronica_original.html:11673,2,section_skipped,,,,section skipped at compile (parser_config skip_sections)
35.1.14,Proto-Central Salish to Sqamish,Sqamish-u1,,index_diachronica_original.html:11674,2,section_skipped,,,,section skipped at compile (parser_config skip_sections)
35.1.14,Proto-Central Salish to Sqamish,Sqamish-u3~ə3,,index_diachronica_original.html:11675,2,section_skipped,,,,section skipped at compile (parser_config skip_sections)
35.1.14,Proto-Central Salish to Sqamish,Sqamish-a3~ə3,,index_diachronica_original.html:11676,2,section_skipped,,,,section skipped at compile (parser_config skip_sections)
35.1.14,Proto-Central Salish to Sqamish,Sqamish-a3~i3,,index_diachronica_original.html:11677,2,section_skipped,,,,section skipped at compile (parser_config skip_sections)
35.1.14,Proto-Central Salish to Sqamish,Sqamish-a1~i1,,index_diachronica_original.html:11678,2,section_skipped,,,,section skipped at compile (parser_config skip_sections)
35.1.14,Proto-Central Salish to Sqamish,Sqamish-i3~e3,,index_diachronica_original.html:11679,2,section_skipped,,,,section skipped at compile (parser_config skip_sections)
35.1.14,Proto-Central Salish to Sqamish,Sqamish-i3~ə1,,index_diachronica_original.html:11680,2,section_skipped,,,,section skipped at compile (parser_config skip_sections)
35.1.14,Proto-Central Salish to Sqamish,Sqamish-i1~ə1,,index_diachronica_original.html:11681,2,section_skipped,,,,section skipped at compile (parser_config skip_sections)
36.1,Proto-Sino-Tibetan to Middle Chinese,Middle-Chinese-C-r,,index_diachronica_original.html:11737,2,section_skipped,,,,section skipped at compile (parser_config skip_sections)
36.1,Proto-Sino-Tibetan to Middle Chinese,Middle-Chinese-s-r,,index_diachronica_original.html:11738,2,section_skipped,,,,section skipped at compile (parser_config skip_sections)
36.1,Proto-Sino-Tibetan to Middle Chinese,Middle-Chinese-r,,index_diachronica_original.html:11739,2,section_skipped,,,,section skipped at compile (parser_config skip_sections)
36.1,Proto-Sino-Tibetan to Middle Chinese,Middle-Chinese-r-T,,index_diachronica_original.html:11740,2,section_skipped,,,,section skipped at compile (parser_config skip_sections)
36.1,Proto-Sino-Tibetan to Middle Chinese,Middle-Chinese-C-l,,index_diachronica_original.html:11741,2,section_skipped,,,,section skipped at compile (parser_config skip_sections)
36.1,Proto-Sino-Tibetan to Middle Chinese,Middle-Chinese-s-l,,index_diachronica_original.html:11742,2,section_skipped,,,,section skipped at compile (parser_config skip_sections)
36.1,Proto-Sino-Tibetan to Middle Chinese,Middle-Chinese-l,,index_diachronica_original.html:11743,2,section_skipped,,,,section skipped at compile (parser_config skip_sections)
36.1,Proto-Sino-Tibetan to Middle Chinese,"Middle-Chinese-m,ŋl",,index_diachronica_original.html:11744,2,section_skipped,,,,section skipped at compile (parser_config skip_sections)
36.1,Proto-Sino-Tibetan to Middle Chinese,Middle-Chinese-Cl,,index_diachronica_original.html:11745,2,section_skipped,,,,section skipped at compile (parser_config skip_sections)
36.1,Proto-Sino-Tibetan to Middle Chinese,Middle-Chinese-Kw,,index_diachronica_original.html:11746,2,section_skipped,,,,section skipped at compile (parser_config skip_sections)
36.1,Proto-Sino-Tibetan to Middle Chinese,Middle-Chinese-Kwə,,index_diachronica_original.html:11747,2,section_skipped,,,,section skipped at compile (parser_config skip_sections)
36.1,Proto-Sino-Tibetan to Middle Chinese,Middle-Chinese-w,,index_diachronica_original.html:11748,2,section_skipped,,,,section skipped at compile (parser_config skip_sections)
36.3.1.2,Proto-Naish to Mosuo (Na),Mosuo-Na-a,,index_diachronica_original.html:11934,2,section_skipped,,,,section skipped at compile (parser_config skip_sections)
36.3.1.2,Proto-Naish to Mosuo (Na),Mosuo-Na-a_2,,index_diachronica_original.html:11935,2,section_skipped,,,,section skipped at compile (parser_config skip_sections)
36.3.1.2,Proto-Naish to Mosuo (Na),Mosuo-Na-a_3,,index_diachronica_original.html:11936,2,section_skipped,,,,section skipped at compile (parser_config skip_sections)
36.3.1.2,Proto-Naish to Mosuo (Na),Mosuo-Na-iN,,index_diachronica_original.html:11937,2,section_skipped,,,,section skipped at compile (parser_config skip_sections)
36.3.1.2,Proto-Naish to Mosuo (Na),"Mosuo-Na-iN,u-i",,index_diachronica_original.html:11938,2,section_skipped,,,,section skipped at compile (parser_config skip_sections)
36.3.1.2,Proto-Naish to Mosuo (Na),Mosuo-Na-i,,index_diachronica_original.html:11939,2,section_skipped,,,,section skipped at compile (parser_config skip_sections)
36.3.1.2,Proto-Naish to Mosuo (Na),Mosuo-Na-i_2,,index_diachronica_original.html:11940,2,section_skipped,,,,section skipped at compile (parser_config skip_sections)
36.3.1.2,Proto-Naish to Mosuo (Na),Mosuo-Na-u-o,,index_diachronica_original.html:11941,2,section_skipped,,,,section skipped at compile (parser_config skip_sections)
36.3.1.2,Proto-Naish to Mosuo (Na),Mosuo-Na-B,,index_diachronica_original.html:11942,2,section_skipped,,,,section skipped at compile (parser_config skip_sections)
36.3.1.2,Proto-Naish to Mosuo (Na),Mosuo-Na-V%,,index_diachronica_original.html:11943,2,section_skipped,,,,section skipped at compile (parser_config skip_sections)
36.3.1.2,Proto-Naish to Mosuo (Na),"Mosuo-Na-Np,mb",,index_diachronica_original.html:11944,2,section_skipped,,,,section skipped at compile (parser_config skip_sections)
36.3.1.2,Proto-Naish to Mosuo (Na),"Mosuo-Na-r,spʰ-r,sNp,mb",,index_diachronica_original.html:11945,2,section_skipped,,,,section skipped at compile (parser_config skip_sections)
36.3.1.2,Proto-Naish to Mosuo (Na),"Mosuo-Na-r,sk-r,sNk",,index_diachronica_original.html:11946,2,section_skipped,,,,section skipped at compile (parser_config skip_sections)
36.3.1.2,Proto-Naish to Mosuo (Na),"Mosuo-Na-Sb,ɡ-Sk",,index_diachronica_original.html:11947,2,section_skipped,,,,section skipped at compile (parser_config skip_sections)
36.3.1.2,Proto-Naish to Mosuo (Na),Mosuo-Na-n̥,,index_diachronica_original.html:11948,2,section_skipped,,,,section skipped at compile (parser_config skip_sections)
36.3.1.2,Proto-Naish to Mosuo (Na),Mosuo-Na-N̥V,,index_diachronica_original.html:11949,2,section_skipped,,,,section skipped at compile (parser_config skip_sections)
36.3.1.2,Proto-Naish to Mosuo (Na),Mosuo-Na-l̥,,index_diachronica_original.html:11950,2,section_skipped,,,,section skipped at compile (parser_config skip_sections)
37.1.2.4.2,Proto-Mohawk-Oneida to Oneida,Oneida-”Vː-falling-toneCV,,index_diachronica_original.html:12586,2,section_skipped,,,,section skipped at compile (parser_config skip_sections)
37.1.2.4.2,Proto-Mohawk-Oneida to Oneida,Oneida-”V,,index_diachronica_original.html:12587,2,section_skipped,,,,section skipped at compile (parser_config skip_sections)
37.1.2.4.2,Proto-Mohawk-Oneida to Oneida,Oneida-ʔ,,index_diachronica_original.html:12588,2,section_skipped,,,,section skipped at compile (parser_config skip_sections)
37.1.2.4.2,Proto-Mohawk-Oneida to Oneida,Oneida-∅,,index_diachronica_original.html:12589,2,section_skipped,,,,section skipped at compile (parser_config skip_sections)
37.1.2.4.2,Proto-Mohawk-Oneida to Oneida,Oneida-ths,,index_diachronica_original.html:12590,2,section_skipped,,,,section skipped at compile (parser_config skip_sections)
37.1.2.4.2,Proto-Mohawk-Oneida to Oneida,Oneida-hs,,index_diachronica_original.html:12591,2,section_skipped,,,,section skipped at compile (parser_config skip_sections)
37.1.2.4.2,Proto-Mohawk-Oneida to Oneida,Oneida-h,,index_diachronica_original.html:12592,2,section_skipped,,,,section skipped at compile (parser_config skip_sections)
37.1.2.4.2,Proto-Mohawk-Oneida to Oneida,Oneida-h_2,,index_diachronica_original.html:12593,2,section_skipped,,,,section skipped at compile (parser_config skip_sections)
37.1.2.4.2,Proto-Mohawk-Oneida to Oneida,Oneida-h_3,,index_diachronica_original.html:12594,2,section_skipped,,,,section skipped at compile (parser_config skip_sections)
37.1.2.4.2,Proto-Mohawk-Oneida to Oneida,Oneida-h_4,,index_diachronica_original.html:12595,2,section_skipped,,,,section skipped at compile (parser_config skip_sections)
37.1.2.4.2,Proto-Mohawk-Oneida to Oneida,Oneida-h_5,,index_diachronica_original.html:12596,2,section_skipped,,,,section skipped at compile (parser_config skip_sections)
37.1.2.4.2,Proto-Mohawk-Oneida to Oneida,"Oneida-h,ʔ",,index_diachronica_original.html:12597,2,section_skipped,,,,section skipped at compile (parser_config skip_sections)
37.1.2.4.2,Proto-Mohawk-Oneida to Oneida,Oneida-ʔ_2,,index_diachronica_original.html:12598,2,section_skipped,,,,section skipped at compile (parser_config skip_sections)
37.1.2.4.2,Proto-Mohawk-Oneida to Oneida,Oneida-r,,index_diachronica_original.html:12599,2,section_skipped,,,,section skipped at compile (parser_config skip_sections)
37.1.2.4.2,Proto-Mohawk-Oneida to Oneida,Oneida-”Vː+falling-tone,,index_diachronica_original.html:12600,2,section_skipped,,,,section skipped at compile (parser_config skip_sections)
37.1.2.4.2,Proto-Mohawk-Oneida to Oneida,Oneida-Vː,,index_diachronica_original.html:12601,2,section_skipped,,,,section skipped at compile (parser_config skip_sections)
37.1.2.4.2,Proto-Mohawk-Oneida to Oneida,Oneida-—-∅,,index_diachronica_original.html:12603,2,section_skipped,,,,section skipped at compile (parser_config skip_sections)
37.1.2.4.2,Proto-Mohawk-Oneida to Oneida,Oneida-—-∅_2,,index_diachronica_original.html:12604,2,section_skipped,,,,section skipped at compile (parser_config skip_sections)
37.1.2.4.2,Proto-Mohawk-Oneida to Oneida,Oneida-—-∅_3,,index_diachronica_original.html:12605,2,section_skipped,,,,section skipped at compile (parser_config skip_sections)
37.1.2.4.2,Proto-Mohawk-Oneida to Oneida,Oneida-—-Vː+falling-toneCCVH,,index_diachronica_original.html:12606,2,section_skipped,,,,section skipped at compile (parser_config skip_sections)
37.1.2.4.2,Proto-Mohawk-Oneida to Oneida,Oneida-—-CVː+falling-tone,,index_diachronica_original.html:12607,2,section_skipped,,,,section skipped at compile (parser_config skip_sections)
37.1.2.4.2,Proto-Mohawk-Oneida to Oneida,Oneida-—-CVʔ,,index_diachronica_original.html:12608,2,section_skipped,,,,section skipped at compile (parser_config skip_sections)
37.1.2.4.2,Proto-Mohawk-Oneida to Oneida,Oneida-—-V-long,,index_diachronica_original.html:12609,2,section_skipped,,,,section skipped at compile (parser_config skip_sections)
37.1.2.4.2,Proto-Mohawk-Oneida to Oneida,Oneida-—-OV-long,,index_diachronica_original.html:12610,2,section_skipped,,,,section skipped at compile (parser_config skip_sections)
37.1.2.4.2,Proto-Mohawk-Oneida to Oneida,Oneida-—-jV,,index_diachronica_original.html:12611,2,section_skipped,,,,section skipped at compile (parser_config skip_sections)
37.1.2.4.2,Proto-Mohawk-Oneida to Oneida,Oneida-—-ʔ,,index_diachronica_original.html:12612,2,section_skipped,,,,section skipped at compile (parser_config skip_sections)
37.1.2.4.2,Proto-Mohawk-Oneida to Oneida,Oneida-—-R,,index_diachronica_original.html:12613,2,section_skipped,,,,section skipped at compile (parser_config skip_sections)
37.1.2.4.2,Proto-Mohawk-Oneida to Oneida,Oneida-ts,,index_diachronica_original.html:12615,2,section_skipped,,,,section skipped at compile (parser_config skip_sections)
37.1.2.4.2,Proto-Mohawk-Oneida to Oneida,Oneida-t-tʃ-kʷ,,index_diachronica_original.html:12616,2,section_skipped,,,,section skipped at compile (parser_config skip_sections)
37.1.2.4.2,Proto-Mohawk-Oneida to Oneida,Oneida-s,,index_diachronica_original.html:12617,2,section_skipped,,,,section skipped at compile (parser_config skip_sections)
37.1.2.4.2,Proto-Mohawk-Oneida to Oneida,Oneida-s_2,,index_diachronica_original.html:12618,2,section_skipped,,,,section skipped at compile (parser_config skip_sections)
42.1.1,Pre-Finnic to Proto-Finnic,Proto-Finnic-V,,index_diachronica_original.html:13776,2,section_skipped,,,,section skipped at compile (parser_config skip_sections)
42.1.1,Pre-Finnic to Proto-Finnic,Proto-Finnic-ê-ô,,index_diachronica_original.html:13777,2,section_skipped,,,,section skipped at compile (parser_config skip_sections)
42.1.1,Pre-Finnic to Proto-Finnic,Proto-Finnic-ê,,index_diachronica_original.html:13778,2,section_skipped,,,,section skipped at compile (parser_config skip_sections)
42.1.1,Pre-Finnic to Proto-Finnic,Proto-Finnic-ô,,index_diachronica_original.html:13779,2,section_skipped,,,,section skipped at compile (parser_config skip_sections)
42.1.1,Pre-Finnic to Proto-Finnic,Proto-Finnic-ej,,index_diachronica_original.html:13780,2,section_skipped,,,,section skipped at compile (parser_config skip_sections)
42.1.1,Pre-Finnic to Proto-Finnic,Proto-Finnic-æ,,index_diachronica_original.html:13781,2,section_skipped,,,,section skipped at compile (parser_config skip_sections)
42.1.1,Pre-Finnic to Proto-Finnic,Proto-Finnic-ɑ,,index_diachronica_original.html:13782,2,section_skipped,,,,section skipped at compile (parser_config skip_sections)
42.1.1,Pre-Finnic to Proto-Finnic,Proto-Finnic-ɑ_2,,index_diachronica_original.html:13783,2,section_skipped,,,,section skipped at compile (parser_config skip_sections)
42.1.1,Pre-Finnic to Proto-Finnic,Proto-Finnic-ixi-uxu,,index_diachronica_original.html:13784,2,section_skipped,,,,section skipped at compile (parser_config skip_sections)
42.1.1,Pre-Finnic to Proto-Finnic,Proto-Finnic-xi,,index_diachronica_original.html:13785,2,section_skipped,,,,section skipped at compile (parser_config skip_sections)
42.1.1,Pre-Finnic to Proto-Finnic,Proto-Finnic-x,,index_diachronica_original.html:13786,2,section_skipped,,,,section skipped at compile (parser_config skip_sections)
42.1.1,Pre-Finnic to Proto-Finnic,Proto-Finnic-x_2,,index_diachronica_original.html:13787,2,section_skipped,,,,section skipped at compile (parser_config skip_sections)
42.1.1,Pre-Finnic to Proto-Finnic,Proto-Finnic-UŋA-eŋi,,index_diachronica_original.html:13788,2,section_skipped,,,,section skipped at compile (parser_config skip_sections)
42.1.1,Pre-Finnic to Proto-Finnic,Proto-Finnic-ŋi,,index_diachronica_original.html:13789,2,section_skipped,,,,section skipped at compile (parser_config skip_sections)
42.1.1,Pre-Finnic to Proto-Finnic,Proto-Finnic-ŋ,,index_diachronica_original.html:13790,2,section_skipped,,,,section skipped at compile (parser_config skip_sections)
42.1.1,Pre-Finnic to Proto-Finnic,Proto-Finnic-ŋ_2,,index_diachronica_original.html:13791,2,section_skipped,,,,section skipped at compile (parser_config skip_sections)
42.1.1,Pre-Finnic to Proto-Finnic,Proto-Finnic-ŋ_3,,index_diachronica_original.html:13792,2,section_skipped,,,,section skipped at compile (parser_config skip_sections)
42.1.1,Pre-Finnic to Proto-Finnic,Proto-Finnic-ŋ_4,,index_diachronica_original.html:13793,2,section_skipped,,,,section skipped at compile (parser_config skip_sections)
42.1.1,Pre-Finnic to Proto-Finnic,Proto-Finnic-ŋ_5,,index_diachronica_original.html:13794,2,section_skipped,,,,section skipped at compile (parser_config skip_sections)
42.1.1,Pre-Finnic to Proto-Finnic,Proto-Finnic-ŋ_6,,index_diachronica_original.html:13795,2,section_skipped,,,,section skipped at compile (parser_config skip_sections)
42.1.1,Pre-Finnic to Proto-Finnic,Proto-Finnic-uwa,,index_diachronica_original.html:13796,2,section_skipped,,,,section skipped at compile (parser_config skip_sections)
42.1.1,Pre-Finnic to Proto-Finnic,Proto-Finnic-Uwi-ewi,,index_diachronica_original.html:13797,2,section_skipped,,,,section skipped at compile (parser_config skip_sections)
42.1.1,Pre-Finnic to Proto-Finnic,Proto-Finnic-i,,index_diachronica_original.html:13798,2,section_skipped,,,,section skipped at compile (parser_config skip_sections)
42.1.1,Pre-Finnic to Proto-Finnic,Proto-Finnic-wI,,index_diachronica_original.html:13799,2,section_skipped,,,,section skipped at compile (parser_config skip_sections)
42.1.1,Pre-Finnic to Proto-Finnic,Proto-Finnic-ji,,index_diachronica_original.html:13800,2,section_skipped,,,,section skipped at compile (parser_config skip_sections)
42.1.1,Pre-Finnic to Proto-Finnic,Proto-Finnic-i_2,,index_diachronica_original.html:13801,2,section_skipped,,,,section skipped at compile (parser_config skip_sections)
42.1.1,Pre-Finnic to Proto-Finnic,Proto-Finnic-i_3,,index_diachronica_original.html:13802,2,section_skipped,,,,section skipped at compile (parser_config skip_sections)
42.1.1,Pre-Finnic to Proto-Finnic,Proto-Finnic-j,,index_diachronica_original.html:13803,2,section_skipped,,,,section skipped at compile (parser_config skip_sections)
42.1.1,Pre-Finnic to Proto-Finnic,Proto-Finnic-yje,,index_diachronica_original.html:13804,2,section_skipped,,,,section skipped at compile (parser_config skip_sections)
42.1.1,Pre-Finnic to Proto-Finnic,Proto-Finnic-uw-ij,,index_diachronica_original.html:13805,2,section_skipped,,,,section skipped at compile (parser_config skip_sections)
42.1.1,Pre-Finnic to Proto-Finnic,Proto-Finnic-tʃ-tsʲ,,index_diachronica_original.html:13806,2,section_skipped,,,,section skipped at compile (parser_config skip_sections)
42.1.1,Pre-Finnic to Proto-Finnic,Proto-Finnic-ðʲ-sʲ-tsʲː-lʲ,,index_diachronica_original.html:13807,2,section_skipped,,,,section skipped at compile (parser_config skip_sections)
42.1.1,Pre-Finnic to Proto-Finnic,Proto-Finnic-nʲ,,index_diachronica_original.html:13808,2,section_skipped,,,,section skipped at compile (parser_config skip_sections)
42.1.1,Pre-Finnic to Proto-Finnic,Proto-Finnic-nʲ_2,,index_diachronica_original.html:13809,2,section_skipped,,,,section skipped at compile (parser_config skip_sections)
42.1.1,Pre-Finnic to Proto-Finnic,Proto-Finnic-nʲ_3,,index_diachronica_original.html:13810,2,section_skipped,,,,section skipped at compile (parser_config skip_sections)
42.1.1,Pre-Finnic to Proto-Finnic,Proto-Finnic-n,,index_diachronica_original.html:13811,2,section_skipped,,,,section skipped at compile (parser_config skip_sections)
42.1.1,Pre-Finnic to Proto-Finnic,Proto-Finnic-w,,index_diachronica_original.html:13812,2,section_skipped,,,,section skipped at compile (parser_config skip_sections)
42.1.1,Pre-Finnic to Proto-Finnic,Proto-Finnic-ð,,index_diachronica_original.html:13813,2,section_skipped,,,,section skipped at compile (parser_config skip_sections)
42.1.1,Pre-Finnic to Proto-Finnic,Proto-Finnic-tʃ,,index_diachronica_original.html:13814,2,section_skipped,,,,section skipped at compile (parser_config skip_sections)
42.1.1,Pre-Finnic to Proto-Finnic,Proto-Finnic-tk,,index_diachronica_original.html:13815,2,section_skipped,,,,section skipped at compile (parser_config skip_sections)
42.1.1,Pre-Finnic to Proto-Finnic,Proto-Finnic-tʃ-tʃː,,index_diachronica_original.html:13816,2,section_skipped,,,,section skipped at compile (parser_config skip_sections)
42.1.1,Pre-Finnic to Proto-Finnic,Proto-Finnic-t,,index_diachronica_original.html:13817,2,section_skipped,,,,section skipped at compile (parser_config skip_sections)
42.1.1,Pre-Finnic to Proto-Finnic,Proto-Finnic-tj,,index_diachronica_original.html:13818,2,section_skipped,,,,section skipped at compile (parser_config skip_sections)
42.1.1,Pre-Finnic to Proto-Finnic,Proto-Finnic-ʃ,,index_diachronica_original.html:13819,2,section_skipped,,,,section skipped at compile (parser_config skip_sections)
42.1.1,Pre-Finnic to Proto-Finnic,Proto-Finnic-s,,index_diachronica_original.html:13820,2,section_skipped,,,,section skipped at compile (parser_config skip_sections)
42.1.1,Pre-Finnic to Proto-Finnic,Proto-Finnic-n_2,,index_diachronica_original.html:13821,2,section_skipped,,,,section skipped at compile (parser_config skip_sections)
42.1.1,Pre-Finnic to Proto-Finnic,Proto-Finnic-w_2,,index_diachronica_original.html:13822,2,section_skipped,,,,section skipped at compile (parser_config skip_sections)
42.1.1.1.1,Proto-Finnish to Standard Finnish,Standard-Finnish-mb-nd-ŋɡ,,index_diachronica_original.html:13855,2,section_skipped,,,,section skipped at compile (parser_config skip_sections)
42.1.1.1.1,Proto-Finnish to Standard Finnish,Standard-Finnish-eː-øː-oː,,index_diachronica_original.html:13856,2,section_skipped,,,,section skipped at compile (parser_config skip_sections)
42.1.1.1.1,Proto-Finnish to Standard Finnish,Standard-Finnish-pˑ-tˑ-θˑ-kˑ,,index_diachronica_original.html:13857,2,section_skipped,,,,section skipped at compile (parser_config skip_sections)
42.1.1.1.1,Proto-Finnish to Standard Finnish,Standard-Finnish-j,,index_diachronica_original.html:13858,2,section_skipped,,,,section skipped at compile (parser_config skip_sections)
42.1.1.1.1,Proto-Finnish to Standard Finnish,Standard-Finnish-Vh,,index_diachronica_original.html:13859,2,section_skipped,,,,section skipped at compile (parser_config skip_sections)
42.1.1.1.1,Proto-Finnish to Standard Finnish,Standard-Finnish-sn,,index_diachronica_original.html:13860,2,section_skipped,,,,section skipped at compile (parser_config skip_sections)
42.1.1.1.1,Proto-Finnish to Standard Finnish,Standard-Finnish-V,,index_diachronica_original.html:13861,2,section_skipped,,,,section skipped at compile (parser_config skip_sections)
42.1.1.1.1,Proto-Finnish to Standard Finnish,Standard-Finnish-V_2,,index_diachronica_original.html:13862,2,section_skipped,,,,section skipped at compile (parser_config skip_sections)
42.1.1.1.1,Proto-Finnish to Standard Finnish,"Standard-Finnish-k,x",,index_diachronica_original.html:13863,2,section_skipped,,,,section skipped at compile (parser_config skip_sections)
42.1.1.1.1,Proto-Finnish to Standard Finnish,Standard-Finnish-t,,index_diachronica_original.html:13864,2,section_skipped,,,,section skipped at compile (parser_config skip_sections)
42.1.1.1.1,Proto-Finnish to Standard Finnish,Standard-Finnish-p,,index_diachronica_original.html:13865,2,section_skipped,,,,section skipped at compile (parser_config skip_sections)
42.1.1.1.1,Proto-Finnish to Standard Finnish,Standard-Finnish-t_2,,index_diachronica_original.html:13866,2,section_skipped,,,,section skipped at compile (parser_config skip_sections)
42.1.1.1.1,Proto-Finnish to Standard Finnish,Standard-Finnish-t_3,,index_diachronica_original.html:13867,2,section_skipped,,,,section skipped at compile (parser_config skip_sections)
42.1.1.1.1,Proto-Finnish to Standard Finnish,Standard-Finnish-k,,index_diachronica_original.html:13868,2,section_skipped,,,,section skipped at compile (parser_config skip_sections)
42.1.1.1.1,Proto-Finnish to Standard Finnish,Standard-Finnish-k_2,,index_diachronica_original.html:13869,2,section_skipped,,,,section skipped at compile (parser_config skip_sections)
42.1.1.1.1,Proto-Finnish to Standard Finnish,Standard-Finnish-k_3,,index_diachronica_original.html:13870,2,section_skipped,,,,section skipped at compile (parser_config skip_sections)
42.1.1.1.1,Proto-Finnish to Standard Finnish,Standard-Finnish-β,,index_diachronica_original.html:13871,2,section_skipped,,,,section skipped at compile (parser_config skip_sections)
42.1.1.1.1,Proto-Finnish to Standard Finnish,Standard-Finnish-ʋ,,index_diachronica_original.html:13872,2,section_skipped,,,,section skipped at compile (parser_config skip_sections)
42.1.1.1.1,Proto-Finnish to Standard Finnish,Standard-Finnish-ið,,index_diachronica_original.html:13873,2,section_skipped,,,,section skipped at compile (parser_config skip_sections)
42.1.1.1.1,Proto-Finnish to Standard Finnish,Standard-Finnish-lð-rð,,index_diachronica_original.html:13874,2,section_skipped,,,,section skipped at compile (parser_config skip_sections)
42.1.1.1.1,Proto-Finnish to Standard Finnish,Standard-Finnish-ð,,index_diachronica_original.html:13875,2,section_skipped,,,,section skipped at compile (parser_config skip_sections)
42.1.1.1.1,Proto-Finnish to Standard Finnish,Standard-Finnish-ɣ,,index_diachronica_original.html:13876,2,section_skipped,,,,section skipped at compile (parser_config skip_sections)
42.1.1.1.1,Proto-Finnish to Standard Finnish,Standard-Finnish-ɣ_2,,index_diachronica_original.html:13877,2,section_skipped,,,,section skipped at compile (parser_config skip_sections)
42.1.1.1.1,Proto-Finnish to Standard Finnish,Standard-Finnish-ɣ_3,,index_diachronica_original.html:13878,2,section_skipped,,,,section skipped at compile (parser_config skip_sections)
42.1.1.1.1,Proto-Finnish to Standard Finnish,Standard-Finnish-ɣ_4,,index_diachronica_original.html:13879,2,section_skipped,,,,section skipped at compile (parser_config skip_sections)
42.1.1.1.1,Proto-Finnish to Standard Finnish,Standard-Finnish-h,,index_diachronica_original.html:13880,2,section_skipped,,,,section skipped at compile (parser_config skip_sections)
42.1.1.1.1,Proto-Finnish to Standard Finnish,Standard-Finnish-AO,,index_diachronica_original.html:13881,2,section_skipped,,,,section skipped at compile (parser_config skip_sections)
42.1.1.1.1,Proto-Finnish to Standard Finnish,Standard-Finnish-e,,index_diachronica_original.html:13882,2,section_skipped,,,,section skipped at compile (parser_config skip_sections)
42.1.1.1.1,Proto-Finnish to Standard Finnish,Standard-Finnish-Ue,,index_diachronica_original.html:13883,2,section_skipped,,,,section skipped at compile (parser_config skip_sections)
42.1.1.1.1,Proto-Finnish to Standard Finnish,Standard-Finnish-VU,,index_diachronica_original.html:13884,2,section_skipped,,,,section skipped at compile (parser_config skip_sections)
42.1.1.1.1,Proto-Finnish to Standard Finnish,Standard-Finnish-iU-OU,,index_diachronica_original.html:13885,2,section_skipped,,,,section skipped at compile (parser_config skip_sections)
42.1.1.1.1,Proto-Finnish to Standard Finnish,Standard-Finnish-æ,,index_diachronica_original.html:13886,2,section_skipped,,,,section skipped at compile (parser_config skip_sections)
42.1.1.1.1,Proto-Finnish to Standard Finnish,Standard-Finnish-e_2,,index_diachronica_original.html:13887,2,section_skipped,,,,section skipped at compile (parser_config skip_sections)
42.1.1.1.1,Proto-Finnish to Standard Finnish,Standard-Finnish-i,,index_diachronica_original.html:13888,2,section_skipped,,,,section skipped at compile (parser_config skip_sections)
42.1.1.1.1,Proto-Finnish to Standard Finnish,Standard-Finnish-i_2,,index_diachronica_original.html:13889,2,section_skipped,,,,section skipped at compile (parser_config skip_sections)
42.1.1.1.1,Proto-Finnish to Standard Finnish,Standard-Finnish-θː-ð,,index_diachronica_original.html:13890,2,section_skipped,,,,section skipped at compile (parser_config skip_sections)
46.13,Old Norse to Faroese Vowel Shift,"Faroese-Vowel-Shift-a,æː",,index_diachronica_original.html:14418,2,section_skipped,,,,section skipped at compile (parser_config skip_sections)
46.13,Old Norse to Faroese Vowel Shift,Faroese-Vowel-Shift-aː,,index_diachronica_original.html:14419,2,section_skipped,,,,section skipped at compile (parser_config skip_sections)
46.13,Old Norse to Faroese Vowel Shift,Faroese-Vowel-Shift-e,,index_diachronica_original.html:14420,2,section_skipped,,,,section skipped at compile (parser_config skip_sections)
46.13,Old Norse to Faroese Vowel Shift,Faroese-Vowel-Shift-eː,,index_diachronica_original.html:14421,2,section_skipped,,,,section skipped at compile (parser_config skip_sections)
46.13,Old Norse to Faroese Vowel Shift,"Faroese-Vowel-Shift-i,y",,index_diachronica_original.html:14422,2,section_skipped,,,,section skipped at compile (parser_config skip_sections)
46.13,Old Norse to Faroese Vowel Shift,"Faroese-Vowel-Shift-iː,yː",,index_diachronica_original.html:14423,2,section_skipped,,,,section skipped at compile (parser_config skip_sections)
46.13,Old Norse to Faroese Vowel Shift,Faroese-Vowel-Shift-o,,index_diachronica_original.html:14424,2,section_skipped,,,,section skipped at compile (parser_config skip_sections)
46.13,Old Norse to Faroese Vowel Shift,Faroese-Vowel-Shift-oː,,index_diachronica_original.html:14425,2,section_skipped,,,,section skipped at compile (parser_config skip_sections)
46.13,Old Norse to Faroese Vowel Shift,Faroese-Vowel-Shift-u,,index_diachronica_original.html:14426,2,section_skipped,,,,section skipped at compile (parser_config skip_sections)
46.13,Old Norse to Faroese Vowel Shift,Faroese-Vowel-Shift-uː,,index_diachronica_original.html:14427,2,section_skipped,,,,section skipped at compile (parser_config skip_sections)
46.13,Old Norse to Faroese Vowel Shift,"Faroese-Vowel-Shift-œ,ɔ",,index_diachronica_original.html:14428,2,section_skipped,,,,section skipped at compile (parser_config skip_sections)
46.14,Pre-Slavic Vowel Changes,Pre-Slavic-Vowel-Changes-i,,index_diachronica_original.html:14438,2,rule_skipped,,,,held-out (commented rule)
