section_index,section_name,rule_id,failure_class,subcluster,blame,error_token,mono_class_section,description
10.1.1,Proto-Malayo-Polynesian to Proto-Bali-Sasak-Sumbawan,Proto-Bali-Sasak-Sumbawan-HəS,expected_ipa,expected_ipa,output,(,True,"Syntax Error: Expected an IPA character, Primative or Matrix, but received '(' | [-place]əP > {hə(N)P,ə(N)P} / #_ | ^ @ Rule 1, Line 1"
10.1.2.7.2,Proto-Kalamian to Karamiananen,Karamiananen-s_4,missing_slash_output_env,missing_slash_output_env,output,&,True,"Syntax Error: Expected end of line, received '&'. Did you forget a '/' between the output and environment? | s > c& _ | ^ @ Rule 1, Line 1"
10.2.2,Proto-Malayo-Polynesian to Chamorro,Chamorro-i-u_2,segments_before_word,segments_before_word,env,,True,"Syntax Error: Cannot have segments before the beginning of a word | i u > e o / CC# | ^ @ Rule 1, Line 1"
10.2.6.1,Proto-North Sarawak to Kiput,Kiput-V+stress,expected_number,series_or_template_literal:ə,exception,ə,False,"Syntax Error: Expected number, but received ə | V[+stress] > V:[+long] / _C# // V = ə and/or C = h | ^ @ Rule 1, Line 1"
10.2.6.1,Proto-North Sarawak to Kiput,Kiput-əi̯-əu̯,expected_underscore,double_slash_no_underscore,exception,,False,"Syntax Error: Expected '_', but received '' | əi̯ əu̯ > ai̯ au̯ // O[+voice] earlier in the word | ^ @ Rule 1, Line 1"
10.2.6.2.1,Proto-Kenyah to Òma Lóngh,"Òma-Lóngh-p,t-n",unknown_character,diacritic:̚,output,̚,True,"Syntax Error: Unknown character '̚' | {p,t} n > c̚ ɲ / {i,ɛ}_# | ^ @ Rule 1, Line 1"
10.2.6.2.1,Proto-Kenyah to Òma Lóngh,Òma-Lóngh-ŋ,unknown_character,diacritic:̊,output,̊,True,"Syntax Error: Unknown character '̊' | ŋ > ŋ̊ / _# | ^ @ Rule 1, Line 1"
10.3.11.1,Proto-Southern Vanuatu to Anejom,Anejom-C,expected_number,received:t,exception,t,True,"Syntax Error: Expected number, but received t | C > ∅ / _# // C = t | ^ @ Rule 1, Line 1"
10.3.11.3,Proto-Southern Vanuatu to Proto-Tanna,Proto-Tanna-s-c-*J,prose_or_expected_arrow,received_other:*,input,,True,"Syntax Error: Expected '>', '->' or '=>', but received '*' | s c *{L,G} > {h,z} {s,z} z | ^ @ Rule 1, Line 1"
10.3.2,Proto-Oceanic to Hiw,Hiw-”V+-higher,syntax_other,other_syntax,input,,True,"Syntax Error: Feature 'er' has no modifier | V:[+stress][+ high(er)] > ∅ / _CV | ^^ @ Rule 1, Line 1"
10.3.3,Proto-Oceanic to Lemerig,Lemerig-—-aCa,panic_other,thread_panicked,multi,,True,thread panicked at src/rule/subrule/substitution.rs
10.3.5,Proto-Oceanic to Proto-New Caledonia,Proto-New-Caledonia-NS,invalid_ipa,invalid_ipa,output,,True,"Syntax Error: Could not get value of IPA 'ⁿ'. | NP > ⁿP | ^ @ Rule 1, Line 1"
10.3.5.1,Proto-New Caledonia to Caaàc,Caaàc-ⁿS,invalid_ipa,invalid_ipa,input,,True,"Syntax Error: Could not get value of IPA 'ⁿ'. | ⁿP > N / _# | ^ @ Rule 1, Line 1"
10.3.5.3,Proto-New Caledonia to Nemi-Pije-Fwai,Nemi-Pije-Fwai-n-n̥,unknown_character,diacritic:̊,output,̊,False,"Syntax Error: Unknown character '̊' | n n̥ > ɲ ɲ̊ / _V:[+front] | ^ @ Rule 1, Line 1"
10.3.5.3,Proto-New Caledonia to Nemi-Pije-Fwai,Nemi-Pije-Fwai-ONV,expected_underscore,missing_underscore_other,env,,False,"Syntax Error: Expected '_', but received '' | ONV > C:[+labial][+spread]ṽ / C:[+labial]ije and Fwai | ^ @ Rule 1, Line 1"
10.3.5.3,Proto-New Caledonia to Nemi-Pije-Fwai,Nemi-Pije-Fwai-f,expected_underscore,missing_underscore_other,env,,False,"Syntax Error: Expected '_', but received '' | f > ɸ / C:[+labial]ije and Fwai | ^ @ Rule 1, Line 1"
10.3.5.4.1,Proto-Northern to Nixumwak-Nêlêmwa,Nixumwak-Nêlêmwa-V,expected_underscore,missing_underscore_other,env,,False,"Syntax Error: Expected '_', but received '' | V > ∅ / _#, often | ^ @ Rule 1, Line 1"
10.3.5.4.1,Proto-Northern to Nixumwak-Nêlêmwa,Nixumwak-Nêlêmwa-ⁿS,invalid_ipa,invalid_ipa,input,,False,"Syntax Error: Could not get value of IPA 'ⁿ'. | ⁿP > N / _# | ^ @ Rule 1, Line 1"
10.3.5.4.1,Proto-Northern to Nixumwak-Nêlêmwa,Nixumwak-Nêlêmwa-pwʰ-pʰ-tʰ-kʰ,expected_underscore,missing_underscore_other,env,,False,"Syntax Error: Expected '_', but received '' | pʷʰ pʰ tʰ kʰ > fw f r:[+spread,+voice] x / Nelemwa | ^ @ Rule 1, Line 1"
10.3.5.5,Proto-New Caledonia to Nyelâyu,Nyelâyu-ⁿS,invalid_ipa,invalid_ipa,input,,True,"Syntax Error: Could not get value of IPA 'ⁿ'. | ⁿP > N / _# | ^ @ Rule 1, Line 1"
10.3.5.5,Proto-New Caledonia to Nyelâyu,Nyelâyu-ⁿS_2,invalid_ipa,invalid_ipa,input,,True,"Syntax Error: Could not get value of IPA 'ⁿ'. | ⁿP > N / _ṽ | ^ @ Rule 1, Line 1"
10.3.5.8,Proto-New Caledonia to Proto-Yunaga,Proto-Yunaga-ⁿS,invalid_ipa,invalid_ipa,input,,True,"Syntax Error: Could not get value of IPA 'ⁿ'. | ⁿP > N / _# | ^ @ Rule 1, Line 1"
10.3.7,Proto-Oceanic to Shark Bay,Shark-Bay-V,expected_number,series_or_template_literal:j,exception,j,True,"Syntax Error: Expected number, but received j | V > e / C_# // C = j | ^ @ Rule 1, Line 1"
10.3.8,Proto-Oceanic to Tolomako,Tolomako-m-b,unknown_character,diacritic:̼,multi,̼,True,"Syntax Error: Unknown character '̼' | m b > n̼ t̼ / _{a,e,i} | ^ @ Rule 1, Line 1"
10.3.9.3,Proto-Utupua to Tanibili,"Tanibili-r,l",empty_io_panic,empty_io_panic,multi,,True,"Syntax Error: The output of a deletion rule must only contain `*` or `∅` | l > ∅?) | ^ @ Rule 1, Line 2"
10.4.1,Proto-Micronesian to Marshallese,"Marshallese-ç,s-x",unknown_character,letter:ᵚ,output,ᵚ,True,"Syntax Error: Unknown character 'ᵚ' | {ç,s} x > tᵚ | ^ @ Rule 1, Line 1"
10.5,Proto-Austronesian to Proto-Ongan,"Proto-Ongan-c,*C,s,*S",expected_ipa,expected_ipa,input,*,False,"Syntax Error: Expected an IPA character, Primative or Matrix, but received '*' | {c,*C,s,*P} > c | ^ @ Rule 1, Line 1"
10.5,Proto-Austronesian to Proto-Ongan,Proto-Ongan-ɟ-ɡ-*N-*R,prose_or_expected_arrow,received_other:*,input,,False,"Syntax Error: Expected '>', '->' or '=>', but received '*' | ɟ ɡ *N [+son,-syll] > {ɟ,j} {ɟ,ɡ} {l,j} {l,r} | ^ @ Rule 1, Line 1"
10.5.1,Proto-Ongan to Jarawa,Jarawa-∅,segments_before_word,segments_before_word,input|env,,True,"Syntax Error: Cannot have segments before the beginning of a word | ∅ > a / h#_ (that:[+cg]s not a typo | ^ @ Rule 1, Line 1"
10.7,Proto-Austronesian to Proto-Rukai,"Proto-Rukai-t1,c-d1,z-d3",unknown_character,subscript_digit:₁,input,₁,True,"Syntax Error: Unknown character '₁' | {t₁,c} {d₁,z} d₃ > t d ɖ | ^ @ Rule 1, Line 1"
10.7,Proto-Austronesian to Proto-Rukai,Proto-Rukai-S1-s-d2-*C,unknown_character,subscript_digit:₂,input,₂,True,"Syntax Error: Unknown character '₂' | S=1 s d₂ *C > s θ ð ts | ^ @ Rule 1, Line 1"
10.8,Proto-Austronesian to Proto-Tsouic,"Proto-Tsouic-*C,d-j-*R",expected_ipa,expected_ipa,input,*,True,"Syntax Error: Expected an IPA character, Primative or Matrix, but received '*' | {*C,d} j [+son,-syll] > c z r | ^ @ Rule 1, Line 1"
11.5.1,Proto-Lezgic to Agul,Agul-tɬ-tɬː-tɬʼ-tɬːʼ-dɮ,expected_ipa,expected_ipa,output,",",True,"Syntax Error: Expected an IPA character, Primative or Matrix, but received ',' | tɬ tɬ:[+long] tɬ:[+cg] tɬ:[+long,+cg] dɮ > xʲ x k:[+cg] k:[+long] {,j,xʲ} | ^ @ Rule 1, Line 1"
11.5.6,Proto-Lezgic to Udi,Udi-q-qʼ-qːʼ-ɢ,empty_io_panic,empty_io_panic,output,,True,"Syntax Error: The output of a deletion rule must only contain `*` or `∅` | q q:[+cg] q:[+long,+cg] ɢ > ∅ q:[+cg] ɣ | ^ @ Rule 1, Line 1"
12.1,Proto-Northwest Caucasian to Proto-Abazgi,"Proto-Abazgi-pʷ,pʲ-pʲː,bˤ-bʷ-pʷʲ-bʷʲ",unknown_character,length_mark:ː,input,ː,False,"Syntax Error: Unknown character 'ː' | {pʷ,pʲ} {pː,pʲː,bˤ} bʷ pʷʲ bʷʲ > p b f tsʲ dzʲ | ^ @ Rule 1, Line 1"
12.1,Proto-Northwest Caucasian to Proto-Abazgi,Proto-Abazgi-qʷʲʼ,missing_slash_output_env,missing_slash_output_env,output,(,False,"Syntax Error: Expected end of line, received '('. Did you forget a '/' between the output and environment? | qʷʲ:[+cg] > ʕʷ (qʷ:[+cg]?) | ^ @ Rule 1, Line 1"
12.1,Proto-Northwest Caucasian to Proto-Abazgi,Proto-Abazgi-qˤʷ-qˤʷː-qˤʷʼ-χˤʷ-ʁˤʷ,missing_slash_output_env,missing_slash_output_env,output,(,False,"Syntax Error: Expected end of line, received '('. Did you forget a '/' between the output and environment? | qˤʷ qˤʷ:[+long] qˤʷ:[+cg] χˤʷ ʁˤʷ > ħʷ ʕʷ {qʷ:[+cg],qʷ} ħʷ (ħʷ?) | ^ @ Rule 1, Line 1"
12.1.2,Proto-Abazgi to Tapanta Abaza,Tapanta-Abaza-tɕʷʼ-dʑʷ,expected_ipa,expected_ipa,output,(,True,"Syntax Error: Expected an IPA character, Primative or Matrix, but received '(' | {tɕʷ:[+cg],tɕʷ} dʑʷ > {tɕ(ʼ),tɕʷ(ʼ),tʃʷ:[+cg],tʃʷ} {dʑ,dʑʷ,dʒʷ} | ^ @ Rule 1, Line 1"
12.1.2,Proto-Abazgi to Tapanta Abaza,"Tapanta-Abaza-tʷʼ,dʷ",expected_ipa,expected_ipa,output,(,True,"Syntax Error: Expected an IPA character, Primative or Matrix, but received '(' | {tʷ:[+cg],tʷ,dʷ} > {tɕ(ʼ),tɕʷ(ʼ),tʃ(ʼ),tʃʷ(ʼ)} {dʒ,dʒʷ,dʑ,dʑʷ} | ^ @ Rule 1, Line 1"
12.2,Proto-Northwest Caucasian to Proto-Circassian,"Proto-Circassian-qʲʷː-qʲʷ-ɢʲʷ,ʁʲʷ-χʲʷ",prose_or_expected_arrow,received_other:},input,,True,"Syntax Error: Expected '>', '->' or '=>', but received '}' | qʲʷ:[+long] qʲʷ ɢʲʷ,ʁʲʷ} χʲʷ > qʷ:[+long] ʔʷ ʁʷ χʷ | ^ @ Rule 1, Line 1"
12.3,Proto-Northwest Caucasian to Ubykh,Ubykh-tʷː-tʷʲʼ,unknown_character,length_mark:ː,input,ː,True,"Syntax Error: Unknown character 'ː' | {tː,tʷː} tʷʲ:[+cg] > {t,tʷ} tʷ:[+cg] | ^ @ Rule 1, Line 1"
12.3,Proto-Northwest Caucasian to Ubykh,Ubykh-tsʲː-tsʷː-dzʲ,unknown_character,length_mark:ː,input,ː,True,"Syntax Error: Unknown character 'ː' | {tsː,tsʲː} tsʷ:[+long] dzʲ > ts tsʷ dz | ^ @ Rule 1, Line 1"
13.1,Proto-Chumash to Barbareño,Barbareño-R-glottalizedVˀR,prose_or_expected_arrow,tone_or_voice_mark_as_arrow:ˀ,input|output,,False,"Syntax Error: Expected '>', '->' or '=>', but received 'ˀ' | [+son,-syll][+place]Vˀ[+son,-syll] > ˀ[+son,-syll]V[+son,-syll][+place] / _$ | ^ @ Rule 1, Line 1"
13.1,Proto-Chumash to Barbareño,Barbareño-R-glottalizedVOʼ,unknown_feature,feature:ejective,output,ejective,False,"Syntax Error: Unknown feature 'ejective'. Did you mean contin? | [+son,-syll][+place]VO:[+cg] > ˀ[+son,-syll]VO[- ejective] / _$ | ^^^^^^^^^^ @ Rule 1, Line 1"
13.3,Proto-Chumash to Inseño,Inseño-ˀN-ˀw,floating_diacritic,floating_diacritic,input,,True,"Syntax Error: Floating diacritic. Diacritics can only be used to modify IPA Segments | ˀN ˀw > N w | ^ @ Rule 1, Line 1"
13.5,Proto-Chumash to Purisimeño,Purisimeño-ˀj,floating_diacritic,floating_diacritic,input,,True,"Syntax Error: Floating diacritic. Diacritics can only be used to modify IPA Segments | ˀj > ∅ | ^ @ Rule 1, Line 1"
13.6,Proto-Chumash to Ventureño,Ventureño-ˀm-ˀn-ˀl-ˀj,floating_diacritic,floating_diacritic,input,,True,"Syntax Error: Floating diacritic. Diacritics can only be used to modify IPA Segments | ˀm ˀn ˀl ˀj > m n l j | ^ @ Rule 1, Line 1"
14.2,Proto-Elamo-Dravidian to Achaemanid Elamite,Achaemanid-Elamite-r̀,unknown_character,diacritic:̀,input,̀,True,"Syntax Error: Unknown character '̀' | r̀ > r / V_{V,C} | ^ @ Rule 1, Line 1"
14.2,Proto-Elamo-Dravidian to Achaemanid Elamite,Achaemanid-Elamite-ŕ,unknown_character,letter:ŕ,input,ŕ,True,"Syntax Error: Unknown character 'ŕ' | ŕ > r:[+long] / V_V | ^ @ Rule 1, Line 1"
14.2,Proto-Elamo-Dravidian to Achaemanid Elamite,Achaemanid-Elamite-nr̀,unknown_character,diacritic:̀,input,̀,True,"Syntax Error: Unknown character '̀' | nr̀ > nr | ^ @ Rule 1, Line 1"
15.2.2,Proto-Eskimo to Greenlandic Iñupiaq,Greenlandic-Iñupiaq-Cː,unknown_character,subscript_digit:₁,exception,₁,False,"Syntax Error: Unknown character '₁' | C:[+long] > C // when CV_V in U₁U₂ | ^ @ Rule 1, Line 1"
15.2.2,Proto-Eskimo to Greenlandic Iñupiaq,"Greenlandic-Iñupiaq-m-n-ŋ-t-ɣ,ʁ«",nested_brackets,true_nested_braces,multi,,False,"Syntax Error: Cannot have nested brackets of the same type | m n ŋ t {{ɣ,ʁ} > {k,q}} / _# | ^ @ Rule 1, Line 1"
15.2.2,Proto-Eskimo to Greenlandic Iñupiaq,Greenlandic-Iñupiaq-lʁ,syntax_other,other_syntax,output,,False,"Syntax Error: Output cannot be empty. Use `*` or '∅' to indicate deletion | Pome metathesis in consonant clusters, the conditions of which are not elaborated upon > | ^ @ Rule 1, Line 1"
15.2.5,Proto-Eskimo to Kuskokwim Yup’ik,Kuskokwim-Yup’ik-i-a-u,unknown_feature,bundle:initial,env,initial,True,"Syntax Error: Unknown feature 'initial'. Did you mean nasal? | i a u > ii aa uu / C_ in %[+lo -initial -final] such that %[+lo]_ | ^^^^^^^^^ @ Rule 1, Line 1"
15.2.6,Proto-Eskimo to Nunivak Yup’ik,Nunivak-Yup’ik-i-a-u,unknown_feature,bundle:initial,env,initial,True,"Syntax Error: Unknown feature 'initial'. Did you mean nasal? | i a u > ii aa uu / C_ in %[+lo -initial -final] such that %[+lo]_ | ^^^^^^^^^ @ Rule 1, Line 1"
15.2.7,Proto-Eskimo to Siberian Yup’ik,Siberian-Yup’ik-ə,expected_underscore,missing_underscore_other,output,,True,"Syntax Error: Expected '_', but received '' | ə > a / | ^ @ Rule 1, Line 1"
15.2.8,Proto-Eskimo to Unaaliq Yup’ik,Unaaliq-Yup’ik-C,segments_before_word,segments_before_word,env,,False,"Syntax Error: Cannot have segments before the beginning of a word | C > C:[+long] / _V(..)V, after #% | ^ @ Rule 1, Line 1"
15.2.8,Proto-Eskimo to Unaaliq Yup’ik,Unaaliq-Yup’ik-i-a-u,unknown_feature,bundle:initial,env,initial,False,"Syntax Error: Unknown feature 'initial'. Did you mean nasal? | i a u > ii aa uu / C_ in %[+lo -initial -final] such that %[+lo]_ | ^^^^^^^^^ @ Rule 1, Line 1"
17.10.1.1,Proto-Indo-Aryan to Central Middle Indo-Aryan,Central-Middle-Indo-Aryan-C,incomplete_matrix,incomplete_matrix,multi,,False,"Runtime Error: An incomplete matrix cannot be inserted | C > C[+voice] / V_V | ^^^^^^^^ @ Rule 1, Line 1"
17.10.1.1,Proto-Indo-Aryan to Central Middle Indo-Aryan,Central-Middle-Indo-Aryan-Cn,expected_number,series_or_template_literal:d,exception,d,False,"Syntax Error: Expected number, but received d | Cn > CC / V_V // C = dʒ | ^ @ Rule 1, Line 1"
17.10.1.2,Proto-Indo-Aryan to Eastern Middle Indo-Aryan,Eastern-Middle-Indo-Aryan-C,incomplete_matrix,incomplete_matrix,multi,,False,"Runtime Error: An incomplete matrix cannot be inserted | C > C[+voice] / V_V | ^^^^^^^^ @ Rule 1, Line 1"
17.10.1.2,Proto-Indo-Aryan to Eastern Middle Indo-Aryan,Eastern-Middle-Indo-Aryan-Cn,expected_number,series_or_template_literal:d,exception,d,False,"Syntax Error: Expected number, but received d | Cn > CC / V_V // C = dʒ | ^ @ Rule 1, Line 1"
17.10.1.3,Proto-Indo-Aryan to Northwestern Middle Indo-Aryan,Northwestern-Middle-Indo-Aryan-C,incomplete_matrix,incomplete_matrix,multi,,False,"Runtime Error: An incomplete matrix cannot be inserted | C > C[+voice] / V_V | ^^^^^^^^ @ Rule 1, Line 1"
17.10.1.3,Proto-Indo-Aryan to Northwestern Middle Indo-Aryan,Northwestern-Middle-Indo-Aryan-Cn,expected_number,series_or_template_literal:d,exception,d,False,"Syntax Error: Expected number, but received d | Cn > CC / V_V // C = dʒ | ^ @ Rule 1, Line 1"
17.10.1.4,Proto-Indo-Aryan to Western Middle Indo-Aryan,Western-Middle-Indo-Aryan-C,incomplete_matrix,incomplete_matrix,multi,,False,"Runtime Error: An incomplete matrix cannot be inserted | C > C[+voice] / V_V | ^^^^^^^^ @ Rule 1, Line 1"
17.10.1.4,Proto-Indo-Aryan to Western Middle Indo-Aryan,Western-Middle-Indo-Aryan-Cn,expected_number,series_or_template_literal:d,exception,d,False,"Syntax Error: Expected number, but received d | Cn > CC / V_V // C = dʒ | ^ @ Rule 1, Line 1"
17.11,Proto-Indo-European to Proto-Slavic,Proto-Slavic-k-ɡ-x,nested_brackets,true_nested_braces,env,,True,"Syntax Error: Cannot have nested brackets of the same type | k ɡ x > tʃ ʒ ʃ / _{{e(i,e:[+long](i}),i,i:[+long]} | ^ @ Rule 1, Line 1"
17.12.1.1.1,Classical Latin vs. Vulgar Latin,"Classical-Latin-vs.-Vulgar-Latin-uː-ɔ,oː-eː-iː",format_error,no_compile_steps,multi,,True,format_error: no compile steps from stages
17.12.1.1.4,Vulgar Latin to Italian,Italian-ɔ,multiple_underlines_env,multiple_underlines_env,exception,,False,"Syntax Error: Cannot have multiple underlines in an environment | ɔ > uo / _[+stress] // j_ or _{dʒ,L} | ^ @ Rule 1, Line 1"
17.12.1.1.4,Vulgar Latin to Italian,"Italian-skj,stj,sːj",expected_ipa,expected_ipa,input,>,False,"Syntax Error: Expected an IPA character, Primative or Matrix, but received '>' | {skj,stj,s:[+long]j > ʃ | ^ @ Rule 1, Line 1"
17.13.1,Proto-Tocharian to Tocharian A,Tocharian-A-Cʲj,missing_slash_output_env,missing_slash_output_env,output,ʲ,False,"Syntax Error: Expected end of line, received 'ʲ'. Did you forget a '/' between the output and environment? | C:[+cor,+dist]j > Cʲ:[+long] | ^ @ Rule 1, Line 1"
17.13.1,Proto-Tocharian to Tocharian A,Tocharian-A-V,expected_number,series_or_template_literal:V,exception,V,False,"Syntax Error: Expected number, but received V | V > j / V_nʲtʲ // V = V:[+front] | ^ @ Rule 1, Line 1"
17.2.1,Common Anatolian to Hittite,Hittite-e_2,unknown_feature,feature:posttonic,env,posttonic,True,"Syntax Error: Unknown feature 'posttonic'. Did you mean sonor? | e > a / _n in %[+lo +posttonic] | ^^^^^^^^^^ @ Rule 1, Line 1"
17.2.2,Common Anatolian to Luwian,Luwian-V_2,expected_underscore,missing_underscore_other,env,,True,"Syntax Error: Expected '_', but received '' | V > V:[+long] / #%:[+stress] | ^ @ Rule 1, Line 1"
17.2.5,Common Anatolian to Palaic,Palaic-e,expected_underscore,missing_underscore_other,env,,False,"Syntax Error: Expected '_', but received '' | e > i / pretonic | ^ @ Rule 1, Line 1"
17.2.5,Common Anatolian to Palaic,Palaic-e_2,expected_underscore,missing_underscore_other,env,,False,"Syntax Error: Expected '_', but received '' | e > a / posttonic in %[+lo] | ^ @ Rule 1, Line 1"
17.2.5,Common Anatolian to Palaic,Palaic-hhy,syntax_other,other_syntax,output,,False,"Syntax Error: Output cannot be empty. Use `*` or '∅' to indicate deletion | hhy > | ^ @ Rule 1, Line 1"
17.5,Proto-Indo-European to Proto-Celtic,Proto-Celtic-—-∅_2,expected_underscore,missing_underscore_other,input|env,,False,"Syntax Error: Expected '_', but received '' | ∅ > i / C{l,r}P | ^ @ Rule 1, Line 1"
17.5,Proto-Indo-European to Proto-Celtic,Proto-Celtic-—-C1C2,unknown_character,subscript_digit:₂,env,₂,False,"Syntax Error: Unknown character '₂' | C=1 C=2 > x2 / if C₂ was a plosive or s | ^ @ Rule 1, Line 1"
17.5.2,Proto-Celtic to Middle Welsh,Middle-Welsh-V,expected_underscore,missing_underscore_other,env,,False,"Syntax Error: Expected '_', but received '' | V > ə / _(C)#, also in proclitics | ^ @ Rule 1, Line 1"
17.5.2,Proto-Celtic to Middle Welsh,Middle-Welsh-V_4,unknown_feature,feature:intertonic,env,intertonic,False,"Syntax Error: Unknown feature 'intertonic'. Did you mean anterior? | V > ∅ / _[+intertonic] | ^^^^^^^^^^^ @ Rule 1, Line 1"
17.5.2,Proto-Celtic to Middle Welsh,Middle-Welsh-mp-nt-ŋk,unknown_character,diacritic:̊,output,̊,False,"Syntax Error: Unknown character '̊' | mp nt ŋk > m̥ n̥ ŋ̊ | ^ @ Rule 1, Line 1"
17.7.2,Common Germanic to West Germanic,West-Germanic-C,expected_number,received:r,exception,r,True,"Syntax Error: Expected number, but received r | C > C:[+long] / _j // C = r | ^ @ Rule 1, Line 1"
17.7.2.1.12,Old English to Southern Middle English,Southern-Middle-English-ɑ-e-o,expected_underscore,double_slash_no_underscore,exception,/,True,"Syntax Error: Expected '_', but received '/' | ɑ e o > ɑ:[+long] ɛ:[+long] o:[+long] / _ %[+lo] // #% with the following % containing /i:[+long]/ or ending in one of /m n r l/ | ^ @ Rule 1, Line 1"
17.7.2.1.12,Old English to Southern Middle English,Southern-Middle-English-Vː_2,expected_underscore,other_underscore,env,/,True,"Syntax Error: Expected '_', but received '/' | V:[+long] > V[-long] / #% before a % with /i:[+long]/ | ^ @ Rule 1, Line 1"
17.7.2.1.12,Old English to Southern Middle English,Southern-Middle-English-e,expected_underscore,other_underscore,env,/,True,"Syntax Error: Expected '_', but received '/' | e > ∅ / if another /e/ one syllable previous | ^ @ Rule 1, Line 1"
17.7.2.1.13,Middle English to Yola,Yola-F,expected_number,received:ʍ,exception,ʍ,True,"Syntax Error: Expected number, but received ʍ | F > F[+ voice] / #_ // F = ʍ | ^ @ Rule 1, Line 1"
17.7.2.1.2,Old English to Kentish Middle English,Kentish-Middle-English-ɑ-e-o,expected_underscore,double_slash_no_underscore,exception,/,True,"Syntax Error: Expected '_', but received '/' | ɑ e o > ɑ:[+long] ɛ:[+long] o:[+long] / _ %[+lo] // #% with the following % containing /i:[+long]/ or ending in one of /m n r l/ | ^ @ Rule 1, Line 1"
17.7.2.1.2,Old English to Kentish Middle English,Kentish-Middle-English-Vː_2,expected_underscore,other_underscore,env,/,True,"Syntax Error: Expected '_', but received '/' | V:[+long] > V[-long] / #% before a % with /i:[+long]/ | ^ @ Rule 1, Line 1"
17.7.2.1.3,Old English to Midlands Middle English,Midlands-Middle-English-ɑ-e-o,expected_underscore,double_slash_no_underscore,exception,/,True,"Syntax Error: Expected '_', but received '/' | ɑ e o > ɑ:[+long] ɛ:[+long] o:[+long] / _ %[+lo] // #% with the following % containing /i:[+long]/ or ending in one of /m n r l/ | ^ @ Rule 1, Line 1"
17.7.2.1.3,Old English to Midlands Middle English,Midlands-Middle-English-Vː_2,expected_underscore,other_underscore,env,/,True,"Syntax Error: Expected '_', but received '/' | V:[+long] > V[-long] / #% before a % with /i:[+long]/ | ^ @ Rule 1, Line 1"
17.7.2.1.4,Midlands Middle English to Early Modern English,Early-Modern-English-ʊ,invalid_ipa,invalid_ipa,output,,False,"Syntax Error: Could not get value of IPA 'ǃ'. | ʊ > ɤ ! C:[+labial]_ and _l | ^ @ Rule 1, Line 1"
17.7.2.1.4,Midlands Middle English to Early Modern English,Early-Modern-English-a_2,expected_underscore,prose_else_env,env,,False,"Syntax Error: Expected '_', but received '' | a > æ / else | ^ @ Rule 1, Line 1"
17.7.2.1.5,Early Modern English to American English,American-English-w,nested_brackets,other_nested,env,,True,"Syntax Error: Cannot have nested brackets of the same type | w > ∅ / C_ɹ for some C (toward(s), quart(er), sword) | ^ @ Rule 1, Line 1"
17.7.2.1.6,Early Modern English to Australian English,Australian-English-ɫ,expected_underscore,double_slash_no_underscore,exception,/,False,"Syntax Error: Expected '_', but received '/' | ɫ > əɫ // if one of the above vowel changes after the formation of /ɫ/ apply | ^ @ Rule 1, Line 1"
17.7.2.1.6,Early Modern English to Australian English,Australian-English-æ_2,expected_ipa,expected_ipa,env|exception,//,False,"Syntax Error: Expected an IPA character, Primative or Matrix, but received '//' | æ > æ:[+long] / _{n,m,ɡ,ɫ$ // _n,m,ɡ,ɫ}${j,w} or a form of a strong verb | ^^ @ Rule 1, Line 1"
17.7.2.1.6,Early Modern English to Australian English,Australian-English-æ_3,expected_underscore,double_slash_no_underscore,exception,,False,"Syntax Error: Expected '_', but received '' | æ > æ:[+long] / _d // form of a strong verb | ^ @ Rule 1, Line 1"
17.7.2.1.8,Old English to Northern Middle English,Northern-Middle-English-ɑ-e-o,expected_underscore,double_slash_no_underscore,exception,/,True,"Syntax Error: Expected '_', but received '/' | ɑ e o > ɑ:[+long] ɛ:[+long] o:[+long] / _ %[+lo] // #% with the following % containing /i:[+long]/ or ending in one of /m n r l/ | ^ @ Rule 1, Line 1"
17.7.2.1.8,Old English to Northern Middle English,Northern-Middle-English-Vː_2,expected_underscore,other_underscore,env,/,True,"Syntax Error: Expected '_', but received '/' | V:[+long] > V[-long] / #% before a % with /i:[+long]/ | ^ @ Rule 1, Line 1"
17.7.2.2,West Germanic to Old Low Franconian,Old-Low-Franconian-ai-u,expected_ipa,expected_ipa,env,,False,"Syntax Error: Expected an IPA character, Primative or Matrix, but received '' | ai u > ei ʏ / _(C,0){i,i:[+long],j} (short only | ^ @ Rule 1, Line 1"
17.7.2.2,West Germanic to Old Low Franconian,Old-Low-Franconian-uː_3,missing_slash_output_env,missing_slash_output_env,multi,),False,"Syntax Error: Expected end of line, received ')'. Did you forget a '/' between the output and environment? | ʉ:[+long] > ʉw / _V) | ^ @ Rule 1, Line 2"
17.7.2.2.1,Old Low Franconian to Middle Dutch,Middle-Dutch-V-long-+stress,expected_ipa,expected_ipa,env,>,True,"Syntax Error: Expected an IPA character, Primative or Matrix, but received '>' | V[-long +stress] > V:[+long] / open syllables (ʏ > {œ:[+long],ø:[+long]} here but this is not phonemically important | ^ @ Rule 1, Line 1"
17.7.3,Common Germanic to Proto-Norse,"Proto-Norse-æ,eːwa",nested_brackets,other_nested,input,,False,"Syntax Error: Cannot have nested brackets of the same type | {æ,e}:[+long](w(a)) > a:[+long] | ^ @ Rule 1, Line 1"
17.7.3,Common Germanic to Proto-Norse,Proto-Norse-wuː-iː,expected_number,received:N,exception,N,False,"Syntax Error: Expected number, but received N | {wu,wu:[+long],u,u:[+long]} {i,i:[+long]} > {wo,wo:[+long],o,o:[+long]} {e,e:[+long]} / _(C)(C)a // CC = NC or one C = {ʀ,j} | ^ @ Rule 1, Line 1"
17.7.3.1.2,Old Norse to Orkney Norn,Orkney-Norn-ð_2,syntax_other,other_syntax,output,,False,"Syntax Error: Output cannot be empty. Use `*` or '∅' to indicate deletion | ð > /{a,V:[+front]}_ | ^ @ Rule 1, Line 1"
17.7.3.1.2,Old Norse to Orkney Norn,Orkney-Norn-l_3,stuff_after_word_bound,segments_after_word_end,env,,False,"Syntax Error: Cannot have segments after the end of a word | l > ∅ / _# ? | ^ @ Rule 1, Line 1"
18.1.1,Pre-Bakairi to Eastern Bakairi,Eastern-Bakairi-ʔ,unknown_feature,feature:fricative,env,fricative,False,"Syntax Error: Unknown feature 'fricative'. Did you mean rhotic? | ʔ > ∅ / _C[+ fricative -voice] | ^^^^^^^^^^^^ @ Rule 1, Line 1"
18.1.1,Pre-Bakairi to Eastern Bakairi,Eastern-Bakairi-ɾ,expected_underscore,missing_underscore_other,env,,False,"Syntax Error: Expected '_', but received '' | ɾ > ∅ / V_V, when neither vowel is stressed | ^ @ Rule 1, Line 1"
18.1.2,Pre-Bakairi to Western Bakairi,Western-Bakairi-C+-fricative-voiced,unknown_feature,feature:fricative,input,fricative,False,"Syntax Error: Unknown feature 'fricative'. Did you mean rhotic? | C[+ fricative -voice] > ∅ / ʔ_ | ^^^^^^^^^^^^ @ Rule 1, Line 1"
18.1.2,Pre-Bakairi to Western Bakairi,Western-Bakairi-ɾ,expected_underscore,missing_underscore_other,env,,False,"Syntax Error: Expected '_', but received '' | ɾ > ∅ / V_V, where at least one of the vowels is nasalized | ^ @ Rule 1, Line 1"
18.3.1,Proto-Tuparí to Makuráp,"Makuráp-a/e-e/a-ı̃,ẽ",expected_ipa,expected_ipa,input,/,True,"Syntax Error: Expected an IPA character, Primative or Matrix, but received '/' | {a/e} {e/a} {j̃,ẽ} > e a ẽ | ^ @ Rule 1, Line 1"
18.3.2,Proto-Tuparí to Mekens,"Mekens-a/e,e/a-ı̃,ẽ",expected_ipa,expected_ipa,input,/,True,"Syntax Error: Expected an IPA character, Primative or Matrix, but received '/' | {a/e,e/a} {j̃,ẽ} > a ẽ | ^ @ Rule 1, Line 1"
18.3.3,Proto-Tuparí to Tuparí,Tuparí_2-a/e,expected_ipa,expected_ipa,input,/,True,"Syntax Error: Expected an IPA character, Primative or Matrix, but received '/' | {a/e} > e | ^ @ Rule 1, Line 1"
18.3.4,Proto-Tuparí to Wayoró,"Wayoró-a/e-e/a-ı̃,ẽ",expected_ipa,expected_ipa,input,/,True,"Syntax Error: Expected an IPA character, Primative or Matrix, but received '/' | {a/e} {e/a} {j̃,ẽ} > a e j̃ | ^ @ Rule 1, Line 1"
18.4.3,Proto-Tupí-Guaraní to Guajajara,Guajajara-a_2,segments_before_word,segments_before_word,env,,True,"Syntax Error: Cannot have segments before the beginning of a word | a > ə / if N in %# | ^ @ Rule 1, Line 1"
18.4.8,Proto-Tupí-Guaraní to Sirionó,Sirionó-aN-eN-iN-ɨN-uN,unknown_character,letter:ĩ,output,ĩ,True,"Syntax Error: Unknown character 'ĩ' | aN eN iN ɨN uN > ã ẽ j̃ {ɨ̃,ĩ} õ / _# | ^ @ Rule 1, Line 1"
20.1.10,Proto-Khoe to Ç̬Ui,Ç̬Ui-ǀ̃n,invalid_ipa,invalid_ipa,input|output,,True,"Syntax Error: Could not get value of IPA 'ǀ'. | {ǀ̃,ǀ̃n} > ǂ̃n | ^ @ Rule 1, Line 1"
20.1.10,Proto-Khoe to Ç̬Ui,Ç̬Ui-!̃-!x,invalid_ipa,invalid_ipa,input|output,,True,"Syntax Error: Could not get value of IPA 'ǃ'. | !̃ !x > !̃(n) {!x,x} | ^ @ Rule 1, Line 1"
20.1.4,Proto-Khoe to Kxoe,Kxoe-!̃n,invalid_ipa,invalid_ipa,input|output,,True,"Syntax Error: Could not get value of IPA 'ǃ'. | !̃(n) > ǂ̃ | ^ @ Rule 1, Line 1"
20.1.4,Proto-Khoe to Kxoe,Kxoe-!-!ˀ-!-!̃,invalid_ipa,invalid_ipa,input,,True,"Syntax Error: Could not get value of IPA 'ǃ'. | ! !ˀ ! !̃ > k ɡ ŋɡ | ^ @ Rule 1, Line 1"
20.1.4,Proto-Khoe to Kxoe,Kxoe-!x-!̃n,invalid_ipa,invalid_ipa,input|output,,True,"Syntax Error: Could not get value of IPA 'ǃ'. | !x !̃n > x {ŋɡj,!̃} | ^ @ Rule 1, Line 1"
20.1.6,Proto-Khoe to Naro,Naro-ǀ̃n,invalid_ipa,invalid_ipa,input|output,,True,"Syntax Error: Could not get value of IPA 'ǀ'. | {ǀ̃,ǀ̃n} > ǂ̃ | ^ @ Rule 1, Line 1"
20.2.1,Proto-Kx’a to ÇHoan,ÇHoan-!!,invalid_ipa,invalid_ipa,input|output,,False,"Syntax Error: Could not get value of IPA 'ǃ'. | !! > ǁ | ^ @ Rule 1, Line 1"
20.2.1,Proto-Kx’a to ÇHoan,ÇHoan-ⁿQʰ-Q͡ɢ,unknown_character,token:͡,input|output,͡,False,"Syntax Error: Unknown character '͡' | ⁿQ:[+spread,+voice] Q͡ɢ > {C:[-front:[+spread],+back:[+spread],-hi:[+spread],-lo]:[+spread],[+click]:[+spread]} {C:[-front,+back,-hi,-lo],[+click]} | ^ @ Rule 1, Line 1"
20.2.2,Proto-Kx’a to Northwestern !Xun,Northwestern-!Xun-!!-ʘ,invalid_ipa,invalid_ipa,input|output,,True,"Syntax Error: Could not get value of IPA 'ǃ'. | !! ʘ > ǁ ǀ | ^ @ Rule 1, Line 1"
20.2.2,Proto-Kx’a to Northwestern !Xun,Northwestern-!Xun-ǂ,invalid_ipa,invalid_ipa,input|output,,True,"Syntax Error: Could not get value of IPA 'ǂ'. | ǂ > !! | ^ @ Rule 1, Line 1"
20.2.3,Proto-Kx’a to Southeastern !Xun,Southeastern-!Xun-!!-ʘ,invalid_ipa,invalid_ipa,input|output,,False,"Syntax Error: Could not get value of IPA 'ǃ'. | !! ʘ > ǁ ǀ | ^ @ Rule 1, Line 1"
20.2.3,Proto-Kx’a to Southeastern !Xun,"Southeastern-!Xun-ⁿQʰ-ǀʰ͜q,ǀʰ͜ɢ-Q͡q",unknown_character,token:͜,input|output,͜,False,"Syntax Error: Unknown character '͜' | ⁿQ:[+spread,+voice] {ǀ:[+spread,+voice]͜q,ǀ:[+spread,+voice]͜ɢ} Q͡q > ⁿ{C:[-front,+back,-hi,-lo],[+click]}(ʰ) ⁿǀ:[+spread,+voice] {C:[-front,+back,-hi,-lo],[+click]}[+voice] | ^ @ Rule 1, Line 1"
21.1,Proto-Lakes Plain to Proto-Far West,Proto-Far-West-CV,runtime_delete_only_segment,delete_only_segment,multi,,True,Runtime Error: Can't delete a word's only segment
21.2.1.2,Proto-Central Tariku to Iau,Iau-CV,runtime_delete_only_segment,delete_only_segment,multi,,True,Runtime Error: Can't delete a word's only segment
21.2.2.1,Proto-East Tariku to Biritai,Biritai-k,unknown_character,diacritic:̂,env,̂,True,"Syntax Error: Unknown character '̂' | k > ∅ / _V̂ | ^ @ Rule 1, Line 1"
21.2.2.2,Proto-East Tariku to Doutai,Doutai-V,unknown_character,diacritic:̂,env,̂,True,"Syntax Error: Unknown character '̂' | V > dz / _V̂ | ^ @ Rule 1, Line 1"
21.2.2.3,Proto-East Tariku to Eritai,Eritai-iC,expected_ipa,expected_ipa,env,,True,"Syntax Error: Expected an IPA character, Primative or Matrix, but received '' | iC > iC / _{C,#} (not sure how this plays in with the change mentioned earlier about extra-high vowels | ^ @ Rule 1, Line 1"
21.2.2.3,Proto-East Tariku to Eritai,Eritai-iC,expected_ipa,expected_ipa,env,,True,"Syntax Error: Expected an IPA character, Primative or Matrix, but received '' | iC > i / _{C,#} (not sure how this plays in with the change mentioned earlier about extra-high vowels | ^ @ Rule 1, Line 1"
21.2.2.5,Proto-East Tariku to Obokuitai,Obokuitai-b-C,unknown_character,diacritic:̚,output,̚,False,"Syntax Error: Unknown character '̚' | b C > b̚ ɡ̚ / _# | ^ @ Rule 1, Line 1"
21.2.2.5,Proto-East Tariku to Obokuitai,Obokuitai-∅,expected_underscore,missing_underscore_other,input|env,,False,"Syntax Error: Expected '_', but received '' | ∅ > dz / iV | ^ @ Rule 1, Line 1"
21.2.2.7,Proto-East Tariku to Waritai,Waritai-k,unknown_character,diacritic:̂,env,̂,True,"Syntax Error: Unknown character '̂' | k > ∅ / _V̂ | ^ @ Rule 1, Line 1"
22.6,Proto-Arawá to Sorowahá,"Sorowahá-tʰ,ɗ",expected_ipa,expected_ipa,input,>,False,"Syntax Error: Expected an IPA character, Primative or Matrix, but received '>' | {tʰ,ɗ > t | ^ @ Rule 1, Line 1"
22.6,Proto-Arawá to Sorowahá,Sorowahá-ʔ,expected_underscore,missing_underscore_other,env,,False,"Syntax Error: Expected '_', but received '' | ʔ > ∅ / #_, possibly everywhere? | ^ @ Rule 1, Line 1"
23.1.1.1.3,Proto-Chibchan to Kogi,Kogi-nVs-dVs,nested_brackets,other_nested,output,,True,"Syntax Error: Cannot have nested brackets of the same type | nVs dVs > n(V(s)) {ʒ,ʒVʒ} | ^ @ Rule 1, Line 1"
23.1.1.1.5,Proto-Chibchan to Motilón,Motilón-i,expected_ipa,expected_ipa,env,,True,"Syntax Error: Expected an IPA character, Primative or Matrix, but received '' | i > ∅ / a_ (usually | ^ @ Rule 1, Line 1"
23.1.1.1.6,Proto-Chibchan to Tunebo,Tunebo-ai,expected_underscore,other_underscore,env,*,True,"Syntax Error: Expected '_', but received '*' | ai > e / if the *a is not stressed | ^ @ Rule 1, Line 1"
24.1.1,Proto-Paman to AritinÅitiÉ£,AritinÅitiÉ£-a-longC,expected_ipa,expected_ipa,env|exception,//,True,"Syntax Error: Expected an IPA character, Primative or Matrix, but received '//' | a[-long]C > Ca / #_ ( // _a?) | ^^ @ Rule 1, Line 1"
24.1.4,Proto-Paman to Mbiywom,Mbiywom-a-longC,expected_ipa,expected_ipa,env|exception,//,True,"Syntax Error: Expected an IPA character, Primative or Matrix, but received '//' | a[-long]C > Ca / #_ ( // _a?) | ^^ @ Rule 1, Line 1"
24.1.5,Proto-Paman to Mpalican,Mpalican-NVS,invalid_ipa,invalid_ipa,output,,True,"Syntax Error: Could not get value of IPA 'ⁿ'. | NVP > VⁿP / #_ | ^ @ Rule 1, Line 1"
24.1.7,Proto-Paman to Yinwum,Yinwum-#”UU,other,other,input|output,,False,DiachronicSeries has no active SoundChangeRule lines to validate
24.1.7,Proto-Paman to Yinwum,Yinwum-NVS,invalid_ipa,invalid_ipa,output,,False,"Syntax Error: Could not get value of IPA 'ⁿ'. | NVP > VⁿP / #_ | ^ @ Rule 1, Line 1"
25.1.1,Proto-Tacanan to Cavineña,Cavineña-*ŕ,unknown_character,letter:ŕ,input,ŕ,True,"Syntax Error: Unknown character 'ŕ' | *ŕ > r | ^ @ Rule 1, Line 1"
25.1.2,Proto-Tacanan to Chama,"Chama-r,*ŕ",unknown_character,letter:ŕ,input|output,ŕ,True,"Syntax Error: Unknown character 'ŕ' | {r,*ŕ} > {∅,w,j} | ^ @ Rule 1, Line 1"
25.1.3,Proto-Tacanan to Reyesano,Reyesano-*ŕ,unknown_character,letter:ŕ,input,ŕ,True,"Syntax Error: Unknown character 'ŕ' | *ŕ > ∅ | ^ @ Rule 1, Line 1"
25.1.4,Proto-Tacanan to Tacana,Tacana-*ŕ,unknown_character,letter:ŕ,input,ŕ,True,"Syntax Error: Unknown character 'ŕ' | *ŕ > ∅ | ^ @ Rule 1, Line 1"
27.3,Proto-Mayan to Huastecan,Huastecan-kV+roundC+glide,unknown_feature,bundle:glide,input,glide,True,"Syntax Error: Unknown feature 'glide'. Did you mean click? | kV[+round]C[+glide] > kʷ | ^^^^^^ @ Rule 1, Line 1"
28,Muskogean,Muskogean-V,unknown_character,diacritic:̂,output|env,̂,True,"Syntax Error: Unknown character '̂' | V > V̂:[+long] / _Cko, ko lost? | ^ @ Rule 1, Line 1"
28.1,Proto-Muskogean to Proto-Eastern Muskogean,Proto-Eastern-Muskogean-VC+-weak,unknown_feature,bundle:weak,input,weak,True,"Syntax Error: Unknown feature 'weak'. Did you mean man? | VC[+ weak] > ∅ / _V# | ^^^^^^ @ Rule 1, Line 1"
28.1.2,Proto-Eastern Muskogean to Creek,Creek-V1kV2,nested_brackets,other_nested,env,,False,"Syntax Error: Cannot have nested brackets of the same type | V=1 kV=2 > 2:[+long] / #((C)V(C))(C)_# | ^ @ Rule 1, Line 1"
28.1.2,Proto-Eastern Muskogean to Creek,Creek-S,incomplete_matrix,incomplete_matrix,multi,,False,"Runtime Error: An incomplete matrix cannot be inserted | P > P[+ voice] / V_V | ^^^^^^^^^ @ Rule 1, Line 1"
28.2,Proto-Muskogean to Proto-Western Muskogean,Proto-Western-Muskogean-C1+-weak-C2+-weak,unknown_feature,bundle:weak,input,weak,True,"Syntax Error: Unknown feature 'weak'. Did you mean man? | C:[+ weak]=1 C:[+ weak]=2 > ʔ h / V_V# | ^^^^^^ @ Rule 1, Line 1"
29.1.1.1.1,Proto-Athabaskan to Ahtna,Ahtna-Vˀ,prose_or_expected_arrow,tone_or_voice_mark_as_arrow:ˀ,input,,True,"Syntax Error: Expected '>', '->' or '=>', but received 'ˀ' | Vˀ > V[+place] | ^ @ Rule 1, Line 1"
29.1.1.1.10,Proto-Athabaskan to Easter Gwich’in,Easter-Gwich’in-Vˀ,prose_or_expected_arrow,tone_or_voice_mark_as_arrow:ˀ,input,,True,"Syntax Error: Expected '>', '->' or '=>', but received 'ˀ' | Vˀ > V:[tone: 1] | ^ @ Rule 1, Line 1"
29.1.1.1.11,Proto-Athabaskan to Han,Han-n,unknown_character,token:(,output,(,False,"Syntax Error: Unknown character '(' | n > (ⁿ)d / $_V[-nas] | ^ @ Rule 1, Line 1"
29.1.1.1.11,Proto-Athabaskan to Han,Han-a-ɑ-ə-ʊ,unknown_character,letter:ë,output,ë,False,"Syntax Error: Unknown character 'ë' | a ɑ ə ʊ > æ a {ə,ë} o | ^ @ Rule 1, Line 1"
29.1.1.1.11,Proto-Athabaskan to Han,Han-Vˀ,prose_or_expected_arrow,tone_or_voice_mark_as_arrow:ˀ,input,,False,"Syntax Error: Expected '>', '->' or '=>', but received 'ˀ' | Vˀ > V:[tone: 1] | ^ @ Rule 1, Line 1"
29.1.1.1.12,Proto-Athabaskan to Holikachuk,Holikachuk-e,expected_underscore,missing_underscore_other,env,,False,"Syntax Error: Expected '_', but received '' | e > a / prefixes | ^ @ Rule 1, Line 1"
29.1.1.1.12,Proto-Athabaskan to Holikachuk,Holikachuk-Vˀ,prose_or_expected_arrow,tone_or_voice_mark_as_arrow:ˀ,input,,False,"Syntax Error: Expected '>', '->' or '=>', but received 'ˀ' | Vˀ > V:[tone: 1] | ^ @ Rule 1, Line 1"
29.1.1.1.14,Proto-Athabaskan to Lower Koyukon,Lower-Koyukon-Vˀ,prose_or_expected_arrow,tone_or_voice_mark_as_arrow:ˀ,input,,True,"Syntax Error: Expected '>', '->' or '=>', but received 'ˀ' | Vˀ > V:[tone: 1] | ^ @ Rule 1, Line 1"
29.1.1.1.15,Proto-Athabaskan to Upper Koyukon,Upper-Koyukon-Vˀ,syntax_other,tone_negation,multi,,True,"Syntax Error: Tones cannot be ±; they can only be used with numeric values. | V:[tone: 1] > V[-tone] | ^ @ Rule 1, Line 2"
29.1.1.1.16,Proto-Athabaskan to Upper Kuskokwim Kolchan,Upper-Kuskokwim-Kolchan-Vˀ,prose_or_expected_arrow,tone_or_voice_mark_as_arrow:ˀ,input,,True,"Syntax Error: Expected '>', '->' or '=>', but received 'ˀ' | Vˀ > V[+place] | ^ @ Rule 1, Line 1"
29.1.1.1.17,Proto-Athabaskan to Sarcee,Sarcee-ɑ́-ə́-ʊ́,unknown_character,token:́,input|output,́,False,"Syntax Error: Unknown character '́' | ɑ́ ə́ ʊ́ > ɑ̄ ə̄ ʊ̄ | ^ @ Rule 1, Line 1"
29.1.1.1.17,Proto-Athabaskan to Sarcee,Sarcee-Vˀ,prose_or_expected_arrow,tone_or_voice_mark_as_arrow:ˀ,input,,False,"Syntax Error: Expected '>', '->' or '=>', but received 'ˀ' | Vˀ > V:[tone: 1] | ^ @ Rule 1, Line 1"
29.1.1.1.18,Proto-Athabaskan to Sekani,Sekani-TS,missing_slash_output_env,missing_slash_output_env,multi,),False,"Syntax Error: Expected end of line, received ')'. Did you forget a '/' between the output and environment? | P:[-voice][-place] > P:[-voice]P again in some areas) | ^ @ Rule 1, Line 2"
29.1.1.1.18,Proto-Athabaskan to Sekani,Sekani-Vˀ,prose_or_expected_arrow,tone_or_voice_mark_as_arrow:ˀ,input,,False,"Syntax Error: Expected '>', '->' or '=>', but received 'ˀ' | Vˀ > V:[tone: 5] | ^ @ Rule 1, Line 1"
29.1.1.1.2,Proto-Athabaskan to Babine,Babine-Vˀ,prose_or_expected_arrow,tone_or_voice_mark_as_arrow:ˀ,input,,True,"Syntax Error: Expected '>', '->' or '=>', but received 'ˀ' | Vˀ > V[+place] | ^ @ Rule 1, Line 1"
29.1.1.1.27,Proto-Western Southern Athabaskan to Navajo,"Navajo-ɣ,h",expected_underscore,missing_underscore_other,env,,True,"Syntax Error: Expected '_', but received '' | {ɣ,h} > j / prefixes related to word derivation | ^ @ Rule 1, Line 1"
29.1.1.1.3,Proto-Athabaskan to Beaver,Beaver-T,expected_underscore,missing_underscore_other,env,,False,"Syntax Error: Expected '_', but received '' | P:[-voice] > P:[-voice]ʃ / _{i,e,u}, in the V:[+back]ritish Columbian dialect | ^ @ Rule 1, Line 1"
29.1.1.1.3,Proto-Athabaskan to Beaver,Beaver-Vˀ,prose_or_expected_arrow,tone_or_voice_mark_as_arrow:ˀ,input,,False,"Syntax Error: Expected '>', '->' or '=>', but received 'ˀ' | Vˀ > V:[tone: 5] | ^ @ Rule 1, Line 1"
29.1.1.1.34,Tahltan-Kaska-Tagish to Kaska,Kaska-Vˀ,prose_or_expected_arrow,tone_or_voice_mark_as_arrow:ˀ,input,,True,"Syntax Error: Expected '>', '->' or '=>', but received 'ˀ' | Vˀ > V:[tone: 5] | ^ @ Rule 1, Line 1"
29.1.1.1.37,Proto-Athabaskan to Tanacross,Tanacross-Vˀ,prose_or_expected_arrow,tone_or_voice_mark_as_arrow:ˀ,input,,False,"Syntax Error: Expected '>', '->' or '=>', but received 'ˀ' | Vˀ > V:[tone: 5] | ^ @ Rule 1, Line 1"
29.1.1.1.37,Proto-Athabaskan to Tanacross,Tanacross-ʃ,expected_underscore,missing_underscore_other,env,,False,"Syntax Error: Expected '_', but received '' | ʃ > h / the | ^ @ Rule 1, Line 1"
29.1.1.1.37,Proto-Athabaskan to Tanacross,Tanacross-ɬ,expected_underscore,missing_underscore_other,env,,False,"Syntax Error: Expected '_', but received '' | ɬ > h / the grammatical classifier | ^ @ Rule 1, Line 1"
29.1.1.1.38,Proto-Athabaskan to Lower Tanana,Lower-Tanana-TS-TŠ-TŠᵚ-Q,unknown_character,letter:ᵚ,input,ᵚ,False,"Syntax Error: Unknown character 'ᵚ' | P:[-voice]P P:[-voice]ʃ P:[-voice]ʃᵚ {C:[-front,+back,-hi,-lo],[+click]} > P:[-voice][-place] P:[-voice]P P:[-voice]ʂ C:[-front,+back,+hi,-lo] | ^ @ Rule 1, Line 1"
29.1.1.1.38,Proto-Athabaskan to Lower Tanana,Lower-Tanana-Vˀ,prose_or_expected_arrow,tone_or_voice_mark_as_arrow:ˀ,input,,False,"Syntax Error: Expected '>', '->' or '=>', but received 'ˀ' | Vˀ > V:[tone: 1] | ^ @ Rule 1, Line 1"
29.1.1.1.4,Proto-Athabaskan to Chilcotin,Chilcotin-V,missing_slash_output_env,missing_slash_output_env,output,ˀ,False,"Syntax Error: Expected end of line, received 'ˀ'. Did you forget a '/' between the output and environment? | V > Vˀ | ^ @ Rule 1, Line 1"
29.1.1.1.4,Proto-Athabaskan to Chilcotin,Chilcotin-V,incomplete_matrix,incomplete_matrix,multi,,False,"Runtime Error: An incomplete matrix cannot be inserted | V > V[+rtr] | ^^^^^^ @ Rule 1, Line 1"
29.1.1.1.4,Proto-Athabaskan to Chilcotin,Chilcotin-Vˀ,prose_or_expected_arrow,tone_or_voice_mark_as_arrow:ˀ,input,,False,"Syntax Error: Expected '>', '->' or '=>', but received 'ˀ' | Vˀ > V:[tone: 5] | ^ @ Rule 1, Line 1"
29.1.1.1.41,Proto-Athabaskan to Northern Tutchone,Northern-Tutchone-Vˀ,prose_or_expected_arrow,tone_or_voice_mark_as_arrow:ˀ,input,,True,"Syntax Error: Expected '>', '->' or '=>', but received 'ˀ' | Vˀ > V:[tone: 5] | ^ @ Rule 1, Line 1"
29.1.1.1.42,Proto-Athabaskan to Southern Tutchone,Southern-Tutchone-Vˀ,prose_or_expected_arrow,tone_or_voice_mark_as_arrow:ˀ,input,,True,"Syntax Error: Expected '>', '->' or '=>', but received 'ˀ' | Vˀ > V:[tone: 1] | ^ @ Rule 1, Line 1"
29.1.1.1.5,Proto-Athabaskan to Chipewyan,Chipewyan-Vˀ,prose_or_expected_arrow,tone_or_voice_mark_as_arrow:ˀ,input,,True,"Syntax Error: Expected '>', '->' or '=>', but received 'ˀ' | Vˀ > V:[tone: 5] | ^ @ Rule 1, Line 1"
29.1.1.1.6,Proto-Athabaskan to Dakelh,Dakelh-Vˀ,prose_or_expected_arrow,tone_or_voice_mark_as_arrow:ˀ,input,,True,"Syntax Error: Expected '>', '->' or '=>', but received 'ˀ' | Vˀ > V[+place] | ^ @ Rule 1, Line 1"
29.1.1.1.8,Proto-Athabaskan to Dena’ina,"Dena’ina-TŠ,TŠʷ",unknown_grouping,grouping:I,multi,I,False,"Syntax Error: Unknown grouping 'I'. Known groupings are (C)onsonant, (O)bstruent, (S)onorant, (P)losive, (F)ricative, (L)iquid, (N)asal, (G)lide, and (V)owel | P:[-voice]ʃ > P:[-voice]P in %pper Inlet dialect) | ^ @ Rule 1, Line 2"
29.1.1.1.8,Proto-Athabaskan to Dena’ina,Dena’ina-Vˀ,prose_or_expected_arrow,tone_or_voice_mark_as_arrow:ˀ,input,,False,"Syntax Error: Expected '>', '->' or '=>', but received 'ˀ' | Vˀ > V[+place] | ^ @ Rule 1, Line 1"
30.1.1,Pre-Proto-Bantu to Proto-Bantu,Proto-Bantu_2-N+-lenis-N-lenis,invalid_ipa,invalid_ipa,output,,False,"Syntax Error: Could not get value of IPA 'ⁿ'. | N[-tense] N[+tense] > N[+tense] ⁿP / _ C=2 position | ^ @ Rule 1, Line 1"
30.1.1,Pre-Proto-Bantu to Proto-Bantu,Proto-Bantu_2-d2,unknown_character,subscript_digit:₂,input,₂,False,"Syntax Error: Unknown character '₂' | d₂ > d / _ C=2 position | ^ @ Rule 1, Line 1"
30.1.1.1,Proto-Bantu to Sebirwa,Sebirwa-S,incomplete_matrix,incomplete_matrix,multi,,True,"Runtime Error: An incomplete matrix cannot be inserted | P > C:[+labial][+spread] | ^^^^^^^^^ @ Rule 1, Line 1"
30.1.2,Pre-Proto-Bantu to Proto-Manenguba,Proto-Manenguba-’p-’t-’d/d2-c-’ɟ-’k-ɡ,unknown_character,subscript_digit:₂,input,₂,True,"Syntax Error: Unknown character '₂' | p:[+cg] t:[+cg] d:[+cg]/d₂ c ɟ:[+cg] k:[+cg] ɡ > f l ɟ s w k / _ C=1 position | ^ @ Rule 1, Line 1"
30.1.2,Pre-Proto-Bantu to Proto-Manenguba,Proto-Manenguba-’p-’t-’d/d2-c-’ɟ-’k-ɡ,unknown_character,subscript_digit:₂,input,₂,True,"Syntax Error: Unknown character '₂' | p:[+cg] t:[+cg] d:[+cg]/d₂ c ɟ:[+cg] k:[+cg] ɡ > f l ɟ s w / _ C=1 position | ^ @ Rule 1, Line 1"
30.1.2,Pre-Proto-Bantu to Proto-Manenguba,"Proto-Manenguba-p-t-’t-’d,d2-c-k-’k",unknown_character,subscript_digit:₂,input,₂,True,"Syntax Error: Unknown character '₂' | p t t:[+cg] d₂ c k k:[+cg] > b d l ɟ ɡ / _ C=2 position | ^ @ Rule 1, Line 1"
30.2,Proto-Potou-Akanic-Bantu to Proto-Potou-Akanic,Proto-Potou-Akanic-C_2,panic_other,thread_panicked,multi,,False,thread panicked at src/rule/subrule/substitution.rs
30.2,Proto-Potou-Akanic-Bantu to Proto-Potou-Akanic,"Proto-Potou-Akanic-V+nasʋ̃,l̃",syntax_other,other_syntax,input|output,l,False,"Syntax Error: Expected ':', but received 'l' | V[+nas](ʋ̃,l̃) > V[-nas](m,n) / #{L,G}[+voice]_ | ^ @ Rule 1, Line 1"
30.2.1,Proto-Potou-Akanic to Proto-Akanic,Proto-Akanic-V+high-+ATRCV+high-ATR,nested_brackets,other_nested,input|output,,True,"Syntax Error: Cannot have nested brackets of the same type | V[+high +atr](C(V[+high -atr])) > #(C)V[-high +atr](CV[+high +atr]) / #{L,G}[+dorsal -voice]_ | ^ @ Rule 1, Line 1"
30.2.1.1,Proto-Akanic to Akan,"Akan-p,ʋ̃-c-k͜p",unknown_character,token:͜,input,͜,True,"Syntax Error: Unknown character '͜' | {p,ʋ̃} c k͜p > f s p / #_ | ^ @ Rule 1, Line 1"
30.3.1.1.8,Proto-Vhe to Adángbe,Adángbe-V,incomplete_matrix,incomplete_matrix,multi,,False,"Runtime Error: An incomplete matrix cannot be inserted | V > V[+ nas] / N_ | ^^^^^^^ @ Rule 1, Line 1"
30.3.1.1.8,Proto-Vhe to Adángbe,Adángbe-V+-nas,expected_number,received:N,exception,N,False,"Syntax Error: Expected number, but received N | V[+ nas] > V[- nas] / C_ // C = N | ^ @ Rule 1, Line 1"
31.1,Proto-Nyulnyulan to Bardi,Bardi-V0,expected_ipa,expected_ipa,env,(,True,"Syntax Error: Expected an IPA character, Primative or Matrix, but received '(' | V=0 > ∅ / {V(C)0,VC(C)0} {C(C)_#,(C)_#} | ^ @ Rule 1, Line 1"
32.1.1,Proto-Chatino to Papabuco Chatino,Papabuco-Chatino-h,expected_ipa,expected_ipa,env,…,False,"Syntax Error: Expected an IPA character, Primative or Matrix, but received '…' | h > d / _a (…lolwut) | ^ @ Rule 1, Line 1"
32.1.1,Proto-Chatino to Papabuco Chatino,Papabuco-Chatino-h_2,expected_ipa,expected_ipa,exception,…,False,"Syntax Error: Expected an IPA character, Primative or Matrix, but received '…' | h > t // _a (…lolwut) | ^ @ Rule 1, Line 1"
32.1.1,Proto-Chatino to Papabuco Chatino,Papabuco-Chatino-e_3,expected_underscore,missing_underscore_other,env,,False,"Syntax Error: Expected '_', but received '' | e > i / a few data sets | ^ @ Rule 1, Line 1"
32.1.2,Proto-Chatino to Tataltepec Chatino,Tataltepec-Chatino-t,expected_ipa,expected_ipa,env,…,False,"Syntax Error: Expected an IPA character, Primative or Matrix, but received '…' | t > tʲ / _õ (…again…lolwut) | ^ @ Rule 1, Line 1"
32.1.2,Proto-Chatino to Tataltepec Chatino,Tataltepec-Chatino-ç,nested_brackets,other_nested,output,,False,"Syntax Error: Cannot have nested brackets of the same type | ç > ʔ (? Not sure if I:[+cg]m reading the phone(me)s right on this one) | ^ @ Rule 1, Line 1"
32.1.3,Proto-Chatino to Yaitepec Chatino,Yaitepec-Chatino-k,expected_ipa,expected_ipa,env,ʷ,False,"Syntax Error: Expected an IPA character, Primative or Matrix, but received 'ʷ' | k > tʃ / _V:[+front]k(ʷ) | ^ @ Rule 1, Line 1"
32.1.3,Proto-Chatino to Yaitepec Chatino,Yaitepec-Chatino-s_2,expected_underscore,other_underscore,env,/,False,"Syntax Error: Expected '_', but received '/' | s > ʃ / if /l/ is present in the same syllable | ^ @ Rule 1, Line 1"
32.2,Proto-Oto-Manguean to Tlapanec,Tlapanec-Yt-Ynt-Ys,unknown_grouping,grouping:Y,input,Y,True,"Syntax Error: Unknown grouping 'Y'. Known groupings are (C)onsonant, (O)bstruent, (S)onorant, (P)losive, (F)ricative, (L)iquid, (N)asal, (G)lide, and (V)owel | Yt Ynt Ys > tʃ dʒ ʃ | ^ @ Rule 1, Line 1"
33.1.1,Proto-Utian to Proto-Costanoan (Ohlone),Proto-Costanoan-Ohlone-l,multiple_underlines_env,multiple_underlines_env,exception,,True,"Syntax Error: Cannot have multiple underlines in an environment | l > ɾ // _$ or o_ | ^ @ Rule 1, Line 1"
33.1.1,Proto-Utian to Proto-Costanoan (Ohlone),Proto-Costanoan-Ohlone-o,multiple_underlines_env,multiple_underlines_env,exception,,True,"Syntax Error: Cannot have multiple underlines in an environment | o > a // o(C,0)_ or _(C,0){o,i} | ^ @ Rule 1, Line 1"
33.2.1,Proto-Wintuan to Nomlaki,Nomlaki-VrV,unknown_grouping,grouping:M,output,M,True,"Syntax Error: Unknown grouping 'M'. Known groupings are (C)onsonant, (O)bstruent, (S)onorant, (P)losive, (F)ricative, (L)iquid, (N)asal, (G)lide, and (V)owel | VrV > M | ^ @ Rule 1, Line 1"
34.1,Proto-Quechumaran to Ayachuco,"Ayachuco-ɸʼ,ʰ",expected_ipa,expected_ipa,input,ʼ,True,"Syntax Error: Expected an IPA character, Primative or Matrix, but received 'ʼ' | ɸ(ʼ,ʰ) > p | ^ @ Rule 1, Line 1"
34.4,Proto-Quechumaran to Huarás,"Huarás-ɸʼ,ʰ",expected_ipa,expected_ipa,input,ʼ,True,"Syntax Error: Expected an IPA character, Primative or Matrix, but received 'ʼ' | ɸ(ʼ,ʰ) > p | ^ @ Rule 1, Line 1"
34.5,Proto-Quechumaran to Putamayo,"Putamayo-ɸʼ,ʰ",expected_ipa,expected_ipa,input,ʼ,True,"Syntax Error: Expected an IPA character, Primative or Matrix, but received 'ʼ' | ɸ(ʼ,ʰ) > p | ^ @ Rule 1, Line 1"
34.8,Proto-Quechumaran to Santiago,"Santiago-ɸʼ,ʰ",expected_ipa,expected_ipa,input,ʼ,False,"Syntax Error: Expected an IPA character, Primative or Matrix, but received 'ʼ' | ɸ(ʼ,ʰ) > p | ^ @ Rule 1, Line 1"
34.8,Proto-Quechumaran to Santiago,Santiago-ʃ,multiple_underlines_env,multiple_underlines_env,exception,,False,"Syntax Error: Cannot have multiple underlines in an environment | ʃ > s // i_i or _P | ^ @ Rule 1, Line 1"
34.9,Proto-Quechumaran to Tena,"Tena-ɸʼ,ʰ",expected_ipa,expected_ipa,input,ʼ,True,"Syntax Error: Expected an IPA character, Primative or Matrix, but received 'ʼ' | ɸ(ʼ,ʰ) > p | ^ @ Rule 1, Line 1"
35.2.2,Proto-Interior Salish to Thompson Nasal-to-Vowel Shifts,Vowel-Shifts_2-n̩,expected_ipa,expected_ipa,env,,True,"Syntax Error: Expected an IPA character, Primative or Matrix, but received '' | n̩ > e / n_ (this is admittedly a bit conjectural | ^ @ Rule 1, Line 1"
35.3,Shuswap to Eastern Shuswap Nasal-to-Vowel Shifts,Vowel-Shifts_3-em-emˀ_2,expected_ipa,expected_ipa,exception,(,True,"Syntax Error: Expected an IPA character, Primative or Matrix, but received '(' | em emˀ > a aʔ / _ %[-stress] // {p:[+cg],p,m(ˀ)}_ | ^ @ Rule 1, Line 1"
35.3,Shuswap to Eastern Shuswap Nasal-to-Vowel Shifts,Vowel-Shifts_3-en-enˀ,expected_ipa,expected_ipa,env,(,True,"Syntax Error: Expected an IPA character, Primative or Matrix, but received '(' | en enˀ > i iʔ / {ts:[+cg],ts,s,j(ˀ)}_ in %[-stress] | ^ @ Rule 1, Line 1"
35.3,Shuswap to Eastern Shuswap Nasal-to-Vowel Shifts,Vowel-Shifts_3-en-enˀ_2,expected_ipa,expected_ipa,exception,(,True,"Syntax Error: Expected an IPA character, Primative or Matrix, but received '(' | en enˀ > a ʔ / _ %[-stress] // {t:[+cg],t,lʲ,n(ˀ),l(ˀ)}_ | ^ @ Rule 1, Line 1"
36.3.1.1,Proto-Naish to Laze,"Laze-r,spʰ-r,sNp,mb",expected_ipa,expected_ipa,input,ʰ,False,"Syntax Error: Expected an IPA character, Primative or Matrix, but received 'ʰ' | {r,s}p(ʰ) {r,s}{Np,mb,b} > f v / _V | ^ @ Rule 1, Line 1"
36.3.1.1,Proto-Naish to Laze,"Laze-r,sl-r,sn",missing_slash_output_env,missing_slash_output_env,output,̥,False,"Syntax Error: Expected end of line, received '̥'. Did you forget a '/' between the output and environment? | {r,s}l {r,s}n > l̥ N̥ / $_V | ^ @ Rule 1, Line 1"
36.3.1.1,Proto-Naish to Laze,Laze-N̥V,prose_or_expected_arrow,tone_or_voice_mark_as_arrow:̥,input,,False,"Syntax Error: Expected '>', '->' or '=>', but received '̥' | N̥V > hṽ | ^ @ Rule 1, Line 1"
36.3.1.3,Proto-Naish to Naxi,"Naxi-r,sN",prose_or_expected_arrow,tone_or_voice_mark_as_arrow:̥,multi,,True,"Syntax Error: Expected '>', '->' or '=>', but received '̥' | N̥ > hṽ | ^ @ Rule 1, Line 2"
36.3.2.1,Proto-rGyalrongic to bTshan La,bTshan-La-N,expected_range_dots,expected_range_dots,env,n,False,"Syntax Error: Expected '..', but received .'n' | N > m / _{ŋ.nj} | ^ @ Rule 1, Line 1"
36.3.2.1,Proto-rGyalrongic to bTshan La,bTshan-La-w,expected_underscore,missing_underscore_other,env,,False,"Syntax Error: Expected '_', but received '' | w > ʔ / something to do with either back vowels or prefixes | ^ @ Rule 1, Line 1"
36.3.2.1.2,Proto-rGyalrongic to Hanniu,Hanniu-p-k-ts,expected_range_dots,expected_range_dots,output, ,True,"Syntax Error: Expected '..', but received .' ' | p k ts > p. k. tʃ. | ^ @ Rule 1, Line 1"
36.3.2.1.2,Proto-rGyalrongic to Hanniu,Hanniu-m,expected_range_dots,expected_range_dots,output, ,True,"Syntax Error: Expected '..', but received .' ' | m > mt. | ^ @ Rule 1, Line 1"
36.3.2.1.2,Proto-rGyalrongic to Hanniu,Hanniu-an-at.is,expected_range_dots,expected_range_dots,input,i,True,"Syntax Error: Expected '..', but received .'i' | an {at.is} > o ie | ^ @ Rule 1, Line 1"
36.3.2.2.1,Proto-rGyalrongic to Kham To,Kham-To-p-b-pr-br-çp,expected_range_dots,expected_range_dots,output,j,True,"Syntax Error: Expected '..', but received .'j' | p b pr br çp > p.j p br pj ʃb | ^ @ Rule 1, Line 1"
36.3.2.2.1,Proto-rGyalrongic to Kham To,Kham-To-k-Nɡ,expected_range_dots,expected_range_dots,output, ,True,"Syntax Error: Expected '..', but received .' ' | k {Nɡ,ɡ} > k. {mk,k} | ^ @ Rule 1, Line 1"
36.3.2.2.1,Proto-rGyalrongic to Kham To,"Kham-To-ts-dz,KTS-NTS-rdz-dzl-dʒ",expected_range_dots,expected_range_dots,output,},True,"Syntax Error: Expected '..', but received .'}' | ts {dz,C:[-front,+back,+hi,-lo]P:[-voice]P} NP:[-voice]P rdz dzl dʒ > s ts {dz,mtʃ.} rts tsl tʃ. | ^ @ Rule 1, Line 1"
36.3.2.2.2,Proto-rGyalrongic to lCog Rtse,lCog-Rtse-*w,empty_io_panic,empty_io_panic,input|env,,True,"Syntax Error: The input of an insertion rule must only contain `*` or `∅` | *w > ʔ / something to do either with back vowels or prefixes | ^ @ Rule 1, Line 1"
36.3.2.2.3,Proto-rGyalrongic to Pati,Pati-ts-dʒ-NTS,expected_range_dots,expected_range_dots,output,},True,"Syntax Error: Expected '..', but received .'}' | ts dʒ NP:[-voice]P > {s,tʃ.} tʃ. m | ^ @ Rule 1, Line 1"
36.3.2.2.7,Proto-rGyalrongic to Tzu Ta,Tzu-Ta-Pç,expected_range_dots,expected_range_dots,output,ç,True,"Syntax Error: Expected '..', but received .'ç' | C:[+labial]ç > b.ç | ^ @ Rule 1, Line 1"
36.3.2.2.8,Proto-rGyalrongic to Wassu,Wassu-k-kr-kj-ɡ,expected_range_dots,expected_range_dots,output, ,True,"Syntax Error: Expected '..', but received .' ' | k kr kj ɡ > k. k.r ts. ɡ | ^ @ Rule 1, Line 1"
36.3.2.2.8,Proto-rGyalrongic to Wassu,Wassu-ts-dzl-NTS,expected_range_dots,expected_range_dots,output,",",True,"Syntax Error: Expected '..', but received .',' | ts dzl NP:[-voice]P > {tʃ.,j} tsl m | ^ @ Rule 1, Line 1"
36.3.3.1,Old Tibetan to Amdo dialects,"Amdo-dialects-d,ɡ,s,l,r",uneven_parallel_sets,uneven_parallel_sets,multi,,True,"Runtime Error: Two matched sets must have the same number of elements | {d,ɡ,s,l,r} > {h,r} / #_ | ^^^^^^^^^^^ ^^^^^ @ Rule 1, Line 1"
37.1,Proto-Siouan-Iroquoian to Proto-Iroquoian,Proto-Iroquoian-p_2,expected_underscore,prose_else_env,env,,True,"Syntax Error: Expected '_', but received '' | p > kʷ / else | ^ @ Rule 1, Line 1"
37.1.1,Proto-Iroquoian to Cherokee,Cherokee-aːwẽː,nested_brackets,segment_template_parallel_set,input|output,,True,"Syntax Error: Cannot have nested brackets of the same type | {awẽ,awẽ:[+long],a:[+long]{wẽ,wẽ:[+long]}} > {ama,ama:[+long],a:[+long]{ma,ma:[+long]}} | ^ @ Rule 1, Line 1"
37.1.2.2,Proto-Northern Iroquoian to Huron,Huron-t_2,expected_ipa,expected_ipa,env,ʷ,True,"Syntax Error: Expected an IPA character, Primative or Matrix, but received 'ʷ' | t > ∅ / _k(ʷ) | ^ @ Rule 1, Line 1"
37.1.2.4.1,Proto-Mohawk-Oneida to Mohawk,Mohawk-∅_3,expected_ipa,expected_ipa,input|env,ʷ,False,"Syntax Error: Expected an IPA character, Primative or Matrix, but received 'ʷ' | ∅ > e / n_k(ʷ) | ^ @ Rule 1, Line 1"
37.1.2.4.1,Proto-Mohawk-Oneida to Mohawk,Mohawk-—-s_2,expected_number,series_or_template_literal:j,exception,j,False,"Syntax Error: Expected number, but received j | s > z / {#,V}_{V,[+son,-syll]} // [+son,-syll] = j | ^ @ Rule 1, Line 1"
37.1.2.5,Proto-Northern Iroquoian to Seneca,Seneca-ʔ,expected_ipa,expected_ipa,env,ʷ,True,"Syntax Error: Expected an IPA character, Primative or Matrix, but received 'ʷ' | ʔ > ∅ / _nk(ʷ) | ^ @ Rule 1, Line 1"
37.1.2.5,Proto-Northern Iroquoian to Seneca,Seneca-n_2,expected_ipa,expected_ipa,env,ʷ,True,"Syntax Error: Expected an IPA character, Primative or Matrix, but received 'ʷ' | n > t / _k(ʷ) | ^ @ Rule 1, Line 1"
37.1.2.6.1,Tuscarora to Western Tuscarora,Western-Tuscarora-r̥-w̥-j̊,unknown_character,diacritic:̊,input,̊,True,"Syntax Error: Unknown character '̊' | r̥ w̥ j̊ > s f ʃ | ^ @ Rule 1, Line 1"
37.2.4,Proto-Siouan to Proto-Čiwere-Winnebago,Proto-Čiwere-Winnebago-t,missing_slash_output_env,missing_slash_output_env,env,:,True,"Syntax Error: Expected end of line, received ':'. Did you forget a '/' between the output and environment? | t > tʃ / _V:[+front]:[+stress] | ^ @ Rule 1, Line 1"
37.2.5,Proto-Siouan to Proto-Crow-Hidatsa,Proto-Crow-Hidatsa-Lʲ,expected_ipa,expected_ipa,input,ʲ,True,"Syntax Error: Expected an IPA character, Primative or Matrix, but received 'ʲ' | {L,Lʲ} > r | ^ @ Rule 1, Line 1"
37.2.6.1,Proto-Dhegiha to Kansa,Kansa-r-Lʲ,expected_ipa,expected_ipa,input,ʲ,False,"Syntax Error: Expected an IPA character, Primative or Matrix, but received 'ʲ' | r {L,Lʲ} > d j / #_ | ^ @ Rule 1, Line 1"
37.2.6.1,Proto-Dhegiha to Kansa,Kansa-V,incomplete_matrix,incomplete_matrix,multi,,False,"Runtime Error: An incomplete matrix cannot be inserted | V > V[+nas] / N_ | ^^^^^^ @ Rule 1, Line 1"
37.2.7.1,Proto-Ohio-Valley to Biloxi,Biloxi-p_2,expected_underscore,other_underscore,env,",",True,"Syntax Error: Expected '_', but received ',' | p > w / V_V, apparently as a result of some dissimilation, as this appears to be an allophone of /p/ here, II%C | ^ @ Rule 1, Line 1"
38.1.1.1,Proto-Tai to Ahom,Ahom-ŋ̊,unknown_character,diacritic:̊,input,̊,True,"Syntax Error: Unknown character '̊' | ŋ̊ > h | ^ @ Rule 1, Line 1"
38.1.1.2,Proto-Tai to Saek,Saek-ɲ̊,unknown_character,diacritic:̊,input,̊,True,"Syntax Error: Unknown character '̊' | ɲ̊ > j | ^ @ Rule 1, Line 1"
38.1.1.3,Proto-Tai to Central Tai,"Central-Tai-l,r",expected_underscore,other_underscore,env,",",False,"Syntax Error: Expected '_', but received ',' | {l,r} > ∅ / n,ɗ_ | ^ @ Rule 1, Line 1"
38.1.1.3,Proto-Tai to Central Tai,Central-Tai-tr,expected_ipa,expected_ipa,output,_,False,"Syntax Error: Expected an IPA character, Primative or Matrix, but received '_' | tr > {tʰ_,tʰr_} | ^ @ Rule 1, Line 1"
38.1.1.3.1,Central Tai to Lungchow,Lungchow-a,expected_underscore,missing_underscore_other,env,,True,"Syntax Error: Expected '_', but received '' | a > a:[+long] / _u,i | ^ @ Rule 1, Line 1"
38.1.1.4,Proto-Tai to North Tai,North-Tai-l,expected_underscore,env_set_no_underscore,env,",",False,"Syntax Error: Expected '_', but received ',' | l > ∅ / :{p,b_V:[+front],pʰ,b_V:[+front]}: | ^ @ Rule 1, Line 1"
38.1.1.4,Proto-Tai to North Tai,North-Tai-l_2,expected_underscore,env_set_no_underscore,env,",",False,"Syntax Error: Expected '_', but received ',' | l > j / :{p,b_V,pʰ,b_V}: | ^ @ Rule 1, Line 1"
38.1.1.4,Proto-Tai to North Tai,"North-Tai-xr-x-x,ɣʷ",prose_or_expected_arrow,received_other:ʷ,input,,False,"Syntax Error: Expected '>', '->' or '=>', but received 'ʷ' | xr x {x,ɣ}ʷ > r̥ h {w,v,h} | ^ @ Rule 1, Line 1"
38.1.1.4.2,North Tai to Po-Ai,Po-Ai-ua~u@̯,expected_ipa,expected_ipa,input,@,True,"Syntax Error: Expected an IPA character, Primative or Matrix, but received '@' | {ua,u@̯} > u:[+long] | ^ @ Rule 1, Line 1"
38.1.1.5,Proto-Tai to Southwest Tai,"Southwest-Tai-l,r",expected_underscore,other_underscore,env,",",True,"Syntax Error: Expected '_', but received ',' | {l,r} > ∅ / t,ɗ_ | ^ @ Rule 1, Line 1"
40.2,Proto-Totozoquean to Proto-Totonacan,Proto-Totonacan-o-o̰,unknown_character,letter:ṵ,output,ṵ,True,"Syntax Error: Unknown character 'ṵ' | o o̰ > u ṵ | ^ @ Rule 1, Line 1"
40.2,Proto-Totozoquean to Proto-Totonacan,"Proto-Totonacan-e,ɨ-ḛ-ɨ̰",unknown_character,letter:ḛ,input|output,ḛ,True,"Syntax Error: Unknown character 'ḛ' | {e,ɨ} {ḛ ɨ̰} > i ḭ | ^ @ Rule 1, Line 1"
41.5.1.2,Proto-Gorokan to North Fore,North-Fore-ʔ,expected_underscore,missing_underscore_other,env,,True,"Syntax Error: Expected '_', but received '' | ʔ > n / before modal suffixes | ^ @ Rule 1, Line 1"
41.5.1.3,Proto-Gorokan to South Fore,South-Fore-ʔ,expected_underscore,missing_underscore_other,env,,True,"Syntax Error: Expected '_', but received '' | ʔ > n / before modal suffixes | ^ @ Rule 1, Line 1"
41.5.2.3,Proto-Kainantu to Gadsup,"Gadsup-D,Y",unknown_grouping,grouping:Y,input,Y,True,"Syntax Error: Unknown grouping 'Y'. Known groupings are (C)onsonant, (O)bstruent, (S)onorant, (P)losive, (F)ricative, (L)iquid, (N)asal, (G)lide, and (V)owel | {P:[+voice],Y} > ∅ / _n | ^ @ Rule 1, Line 1"
41.5.2.3,Proto-Kainantu to Gadsup,Gadsup-YO+-voice-YO-voice,unknown_grouping,grouping:Y,input|output,Y,True,"Syntax Error: Unknown grouping 'Y'. Known groupings are (C)onsonant, (O)bstruent, (S)onorant, (P)losive, (F)ricative, (L)iquid, (N)asal, (G)lide, and (V)owel | YO[+ voice] YO[- voice] > Y t | ^ @ Rule 1, Line 1"
42.1.1.1,Proto-Finnic to Proto-Finnish,Proto-Finnish-pː-tː-tsː-kː,unknown_character,length_mark:ˑ,output,ˑ,False,"Syntax Error: Unknown character 'ˑ' | p:[+long] t:[+long] ts:[+long] k:[+long] > pˑ tˑ tsˑ kˑ | ^ @ Rule 1, Line 1"
42.1.1.1,Proto-Finnic to Proto-Finnish,Proto-Finnish-tːsn-kxtx-rn-ln,nested_brackets,other_nested,input,,False,"Syntax Error: Cannot have nested brackets of the same type | (t(ː))sn {kx,kxtx} rn ln > s:[+long] x:[+long] r:[+long] l:[+long] | ^ @ Rule 1, Line 1"
42.1.1.1,Proto-Finnic to Proto-Finnish,Proto-Finnish-ts-tsˑ-tsː,unknown_character,length_mark:ˑ,input|output,ˑ,False,"Syntax Error: Unknown character 'ˑ' | ts tsˑ ts:[+long] > s θˑ θ:[+long] | ^ @ Rule 1, Line 1"
43.1,Proto-Uto-Aztecan to Comanche,Comanche-∅,unknown_character,letter:ᵤ,input|env,ᵤ,True,"Syntax Error: Unknown character 'ᵤ' | ∅ > h / Vᵤ_k | ^ @ Rule 1, Line 1"
43.1,Proto-Uto-Aztecan to Comanche,Comanche-s,unknown_character,letter:ₙ,env,ₙ,True,"Syntax Error: Unknown character 'ₙ' | s > ∅ / Vₙ_ | ^ @ Rule 1, Line 1"
43.2,Proto-Uto-Aztecan to Hopi,Hopi-p,unknown_character,letter:ₙ,env,ₙ,True,"Syntax Error: Unknown character 'ₙ' | p > v / Vₙ_ | ^ @ Rule 1, Line 1"
43.2,Proto-Uto-Aztecan to Hopi,Hopi-w_2,unknown_character,letter:ₙ,env,ₙ,True,"Syntax Error: Unknown character 'ₙ' | w > ŋʷ / ɨₙ_ | ^ @ Rule 1, Line 1"
43.3,Proto-Uto-Aztecan to Luiseño,Luiseño-p,unknown_character,letter:ₙ,env,ₙ,True,"Syntax Error: Unknown character 'ₙ' | p > v / {Vₙ,ɨ}_ | ^ @ Rule 1, Line 1"
43.3,Proto-Uto-Aztecan to Luiseño,Luiseño-k_2,unknown_character,letter:ₙ,env,ₙ,True,"Syntax Error: Unknown character 'ₙ' | k > q / aₙ_ | ^ @ Rule 1, Line 1"
43.4,Proto-Uto-Aztecan to Nahuatl,Nahuatl-p,unknown_character,letter:ₛ,env,ₛ,True,"Syntax Error: Unknown character 'ₛ' | p > ∅ / {#,Vₛ}_ | ^ @ Rule 1, Line 1"
43.6,Proto-Uto-Aztecan to Tohono O’odham,Tohono-O’odham-p,unknown_character,letter:ₛ,env,ₛ,True,"Syntax Error: Unknown character 'ₛ' | p > w / {#,Vₛ}_ | ^ @ Rule 1, Line 1"
44.1,Proto-Vasconic to Aquitanian,Aquitanian-S+-fortis,missing_slash_output_env,missing_slash_output_env,multi,(,True,"Syntax Error: Expected end of line, received '('. Did you forget a '/' between the output and environment? | P[+tense] > P[- voice, +long] (specifically, the source lists t[+tense] k[+tense] | ^ @ Rule 1, Line 1"
46.11,Middle Chinese to Cantonese Vowel Shift (“The Inner-Outer Flip”),Cantonese-Vowel-Shift-∅,unknown_feature,feature:labiovelar,input|env,labiovelar,True,"Syntax Error: Unknown feature 'labiovelar'. Did you mean labiodental? | ∅ > ə / C[+ labiovelar]_i | ^^^^^^^^^^^^ @ Rule 1, Line 1"
46.14,Pre-Slavic Vowel Changes,Pre-Slavic-Vowel-Changes-aj,unknown_character,subscript_digit:₂,output,₂,True,"Syntax Error: Unknown character '₂' | aj > æ₂ | ^ @ Rule 1, Line 1"
46.14,Pre-Slavic Vowel Changes,Pre-Slavic-Vowel-Changes-aj,unknown_character,subscript_digit:₂,output,₂,True,"Syntax Error: Unknown character '₂' | aj > i₂ | ^ @ Rule 1, Line 1"
46.14,Pre-Slavic Vowel Changes,Pre-Slavic-Vowel-Changes-u,unknown_character,letter:ɤ,multi,ɤ,True,"Syntax Error: Unknown character 'ɤ' | u > u [ɤ?] | ^ @ Rule 1, Line 1"
46.16,Development of Proto-Lolo-Burmese -i(C)# and -u(C)# to Lahu,"Lahu-i-ip,k-it-im,ŋ-in",syntax_other,negation_in_output,input|output,,True,"Syntax Error: Negation cannot be used in the output | -i -i{p,k} -it -i{m,ŋ} -in > -i -ɨʔ -iʔ -ɛ -ɨ | ^ @ Rule 1, Line 1"
46.16,Development of Proto-Lolo-Burmese -i(C)# and -u(C)# to Lahu,Lahu-u-up-ut-uk-um-un-uŋ,syntax_other,negation_in_output,input|output,,True,"Syntax Error: Negation cannot be used in the output | -u -up -ut -uk -um -un -uŋ > -u -ɔʔ -əʔ -uʔ -ɔ -ə -ɛ | ^ @ Rule 1, Line 1"
46.19,Southern [United States] Shift (English),Southern-United-States-Shift-English-aɪ_4,expected_underscore,prose_else_env,env,,False,"Syntax Error: Expected '_', but received '' | aɪ > a:[+long] / else | ^ @ Rule 1, Line 1"
46.19,Southern [United States] Shift (English),Southern-United-States-Shift-English-uʊ-oʊ,nested_brackets,other_nested,output,,False,"Syntax Error: Cannot have nested brackets of the same type | uʊ oʊ > ʉʊ̈ əʊ̈ (a bit of a guesstimate based upon the prose description in the article and the mean-formant-value chart cited from Labov, O:[+delrel]sh & V:[+back]obert (2006)) | ^ @ Rule 1, Line 1"
46.19,Southern [United States] Shift (English),Southern-United-States-Shift-English-æ/ɑː,prose_or_expected_arrow,received_other:/,input,,False,"Syntax Error: Expected '>', '->' or '=>', but received '/' | æ/ɑ:[+long] > æɪ | ^ @ Rule 1, Line 1"
47.1,List 1: Simple Consonant Changes,List-1:-Simple-Consonant-Changes-b,unknown_character,token:#,output,#,True,"Syntax Error: Unknown character '#' | b > #c, -nc- | ^ @ Rule 1, Line 1"
47.2,List 2: Conditional or complex consonant changes,"List-2:-Conditional-or-complex-consonant-changes-t,k",unknown_grouping,grouping:M,env,M,True,"Syntax Error: Unknown grouping 'M'. Known groupings are (C)onsonant, (O)bstruent, (S)onorant, (P)losive, (F)ricative, (L)iquid, (N)asal, (G)lide, and (V)owel | {t,k} > ∅ / V_V (Marathi) probably with voiced stops as intermediates, since they also became silent | ^ @ Rule 1, Line 1"
6.1.2.1,South Omotic to Aari,"Aari-x1,x2",nested_brackets,true_nested_braces,input,,True,"Syntax Error: Cannot have nested brackets of the same type | {{ɣ, ɣʷ, xʷ},x} > ɡ | ^ @ Rule 1, Line 1"
6.2.1.1.4,Proto-Agaw to Xamtanga,Xamtanga-k,panic_other,thread_panicked,multi,,True,thread panicked at src/rule/subrule/substitution.rs
6.2.2.1.13,Classical Arabic to Western Libyan Arabic,Western-Libyan-Arabic-∅,grouped_env_insertion,grouped_env_insertion,input,,True,"Runtime Error: Grouped Environments cannot (yet) be used in insertion rules | ∅ > ə / :{CCVC_C,CCVVC_C,CCV:[+long]C_C,CCV:[+long]VC_C}: | ^^^^^^^^^^^^^^^^^^^^^^^^^^^^^^^^^^^^^^^^^^^^^^^^^ @ Rule 1, Line 1"
6.2.2.1.16,Classical Arabic to Sudanese Arabic,Sudanese-Arabic-uː,uneven_parallel_sets,uneven_parallel_sets,multi,,True,"Runtime Error: Two matched sets must have the same number of elements | {u,u:[+long]} > {ɵ,o,ɵ:[+long],o:[+long]} | ^^^^^^^^^^^^^ ^^^^^^^^^^^^^^^^^^^^^^^^^ @ Rule 1, Line 1"
6.2.2.1.18,Proto-Semitic to Biblical Hebrew,Biblical-Hebrew-—-a_4,unknown_character,token:_,output,_,False,"Syntax Error: Unknown character '_' | a > _$$$(…) | ^ @ Rule 1, Line 1"
6.2.2.1.18,Proto-Semitic to Biblical Hebrew,Biblical-Hebrew-p-b-t-d-k-ɡ,expected_underscore,missing_underscore_other,env,,False,"Syntax Error: Expected '_', but received '' | p b t d k ɡ > b v θ ð x ɣ / non-intial singletons | ^ @ Rule 1, Line 1"
6.2.2.1.2,Proto-Boreafrasian to Egypto-Berber,Egypto-Berber-CVʕ,expected_number,series_or_template_literal:ɡ,exception,ɡ,True,"Syntax Error: Expected number, but received ɡ | CVʕ > ħʔ // C = ɡw | ^ @ Rule 1, Line 1"
6.2.2.1.2,Proto-Boreafrasian to Egypto-Berber,Egypto-Berber-r_2,expected_number,received:{,exception,{,True,"Syntax Error: Expected number, but received { | r > ʔ / C_{t,w,j}# // C = {ɡ,m,n,r,w,ʃ,x} | ^ @ Rule 1, Line 1"
6.2.2.1.3,Ancient Egyptian to Coptic,Coptic-r,stuff_after_word_bound,segments_after_word_end,env,,True,"Syntax Error: Cannot have segments after the end of a word | r > l / #(C)_c(C)# ? | ^ @ Rule 1, Line 1"
6.2.2.1.8,Classical Arabic to Coastal Hadhrami Arabic,Coastal-Hadhrami-Arabic-aː,unknown_character,token:‘,env,‘,True,"Syntax Error: Unknown character '‘' | a:[+long] > e:[+long] / Form VI (tafa:[+long]‘ala) verbs, though these apparently coexist with forms having the original vowel as well, with semantic distinctions | ^ @ Rule 1, Line 1"
6.2.2.1.9,Classical Arabic to Wādı̄ Hadhrami Arabic,Wādı̄-Hadhrami-Arabic-aː,unknown_character,token:‘,env,‘,True,"Syntax Error: Unknown character '‘' | a:[+long] > e:[+long] / Form VI (tafa:[+long]‘ala) verbs, though these apparently coexist with forms having the original vowel as well, with semantic distinctions | ^ @ Rule 1, Line 1"
7.1,Proto-Algonquian to Kennebec River Abenaki,Kennebec-River-Abenaki-w_2,expected_number,series_or_template_literal:C,exception,C,True,"Syntax Error: Expected number, but received C | w > ∅ / C_ // C = C:[-front,+back,+hi,-lo] | ^ @ Rule 1, Line 1"
7.13,Proto-Algonquian to Miami-Illinois,Miami-Illinois-S,invalid_ipa,invalid_ipa,output,,True,"Syntax Error: Could not get value of IPA 'ⁿ'. | P > ⁿP / #NV_ | ^ @ Rule 1, Line 1"
7.13,Proto-Algonquian to Miami-Illinois,Miami-Illinois-s-ʃ,invalid_ipa,invalid_ipa,output,,True,"Syntax Error: Could not get value of IPA 'ⁿ'. | s ʃ > ⁿs ⁿʃ / _ %[-nas] | ^ @ Rule 1, Line 1"
7.15,Proto-Algonquian to Ojibwe,"Ojibwe-j,wV-long",syntax_other,other_syntax,env,,True,"Syntax Error: Only a segment, matrix, group, or reference can be negated | {j,w}V[-long] > ∅ / C_# in disyllables with V:[+long] or in tri(-plus-)syllables | ^^ @ Rule 1, Line 1"
7.2,Proto-Algonquian to St. Francis Abenaki,St.-Francis-Abenaki-w_2,expected_number,series_or_template_literal:C,exception,C,True,"Syntax Error: Expected number, but received C | w > ∅ / C_ // C = C:[-front,+back,+hi,-lo] | ^ @ Rule 1, Line 1"
7.3.1,Proto-Arapaho-Atsina to Arapaho,"Arapaho-C,#Vʔ",syntax_other,other_syntax,input,,True,"Syntax Error: Options can only be used in Environments or Structures | ({C,#}V)ʔ > {C,#,V:[+long]} / _C | ^^^^^^^^ @ Rule 1, Line 1"
7.3.1,Proto-Arapaho-Atsina to Arapaho,Arapaho-V-longN,syntax_other,other_syntax,input,,True,"Syntax Error: Options can only be used in Environments or Structures | (V[-long])N > ∅ / _# | ^^^^^^^^^^ @ Rule 1, Line 1"
7.3.2,Proto-Arapaho-Atsina to Gros Ventre,"Gros-Ventre-C,#V-longʔ",word_boundary_in_io,word_boundary_in_io,multi,,False,"Runtime Error: Word Boundaries cannot be in the input or output | {C,#,V[-long]}ʔ > {C,#,V:[+long, tone: 51]} / _C | ^ @ Rule 1, Line 1"
7.3.2,Proto-Arapaho-Atsina to Gros Ventre,Gros-Ventre-j,expected_underscore,env_set_no_underscore,env,",",False,"Syntax Error: Expected '_', but received ',' | j > ∅ / :{ʃ,θ}: | ^ @ Rule 1, Line 1"
7.3.2,Proto-Arapaho-Atsina to Gros Ventre,Gros-Ventre-V-longN,syntax_other,other_syntax,input,,False,"Syntax Error: Options can only be used in Environments or Structures | (V[-long])N > ∅ / _# | ^^^^^^^^^^ @ Rule 1, Line 1"
7.4,Proto-Algonquian to Blackfoot,Blackfoot-e_2,stuff_after_word_bound,segments_after_word_end,env,,False,"Syntax Error: Cannot have segments after the end of a word | e > ∅ / O_ in #% | ^ @ Rule 1, Line 1"
7.4,Proto-Algonquian to Blackfoot,Blackfoot-aː_2,expected_underscore,prose_else_env,env,,False,"Syntax Error: Expected '_', but received '' | a:[+long] > a / else | ^ @ Rule 1, Line 1"
7.9,Proto-Algonquian to Swampy Cree,Swampy-Cree-ʃ,expected_underscore,missing_underscore_other,env,,True,"Syntax Error: Expected '_', but received '' | ʃ > s / Gest Pwampy Cree | ^ @ Rule 1, Line 1"
8.3,Proto-Altaic to Proto-Mongolic,Proto-Mongolic-e-o-u-æ-ø-y,nested_brackets,other_nested,output,,False,"Syntax Error: Cannot have nested brackets of the same type | e o u æ ø y > {a,e} {o,u} {a,o,u a {a,o,u} {o,u,i} / _Ca | ^ @ Rule 1, Line 1"
8.3,Proto-Altaic to Proto-Mongolic,Proto-Mongolic-b,multiple_underlines_env,multiple_underlines_env,exception,,False,"Syntax Error: Cannot have multiple underlines in an environment | b > h / _ // {r,rʲ,l,lʲ}_ or _ɡ | ^ @ Rule 1, Line 1"
8.3,Proto-Altaic to Proto-Mongolic,Proto-Mongolic-pʰ_3,unknown_feature,pitch_feature_bundle,env,highpitch,False,"Syntax Error: Unknown feature 'highpitch'. Did you mean high? | pʰ > b / #_%[+high pitch] | ^^^^^^^^^^^ @ Rule 1, Line 1"
8.4,Proto-Altaic to Proto-Tungusic,Proto-Tungusic-U-long-+low-pitch-U+long-low-pitch,unknown_feature,pitch_feature_bundle,input,lowpitch,True,"Syntax Error: Unknown feature 'lowpitch'. Did you mean voice? | %[-long +low pitch] %[+long -low pitch] > %[+long] %[-long] | ^^^^^^^^^^ @ Rule 1, Line 1"
8.5.1,Proto-Turkic to Proto-Kypchak,Proto-Kypchak-ɡm-rɡ,missing_slash_output_env,missing_slash_output_env,multi,),True,"Syntax Error: Expected end of line, received ')'. Did you forget a '/' between the output and environment? | mɡ ɡr > rɡ but it might be a typo) | ^ @ Rule 1, Line 2"
8.5.2,Proto-Turkic to Sakha,"Sakha-aɡ̌ɯ,b-oɡ̌,b,aɡ̌u-uɡ̌,b",unknown_character,diacritic:̌,input,̌,True,"Syntax Error: Unknown character '̌' | a{ɡ̌,ɡ̌ɯ,b} {oɡ̌,ob,aɡ̌u} u{ɡ̌,b} > ɰa wo u:[+long] | ^ @ Rule 1, Line 1"
8.5.2,Proto-Turkic to Sakha,Sakha-iɡ̌,unknown_character,diacritic:̌,multi,̌,True,"Syntax Error: Unknown character '̌' | iɡ̌ > ɯ:[+long] | ^ @ Rule 1, Line 1"
9.1.1,Proto-Vietic to Muong Khen,"Muong-Khen-n̥j,nj,ɲ̊j,ɲj",unknown_character,diacritic:̊,input,̊,True,"Syntax Error: Unknown character '̊' | {n̥j,nj,ɲ̊j,ɲj} > ɲ j | ^ @ Rule 1, Line 1"
